# Blender 5.0.1
# www.blender.org
o bomb
v 0.000534 -0.001197 0.018302
v 0.000456 -0.001350 0.018340
v 0.000456 -0.001350 0.018302
v 0.000534 -0.001197 0.018340
v 0.000334 -0.001471 0.018340
v 0.000334 -0.001471 0.018302
v 0.000181 -0.001549 0.018340
v 0.000181 -0.001549 0.018302
v 0.000012 -0.001576 0.018340
v 0.000012 -0.001576 0.018302
v -0.000158 -0.001549 0.018340
v -0.000158 -0.001549 0.018302
v -0.000311 -0.001471 0.018340
v -0.000311 -0.001471 0.018302
v -0.000432 -0.001350 0.018340
v -0.000432 -0.001350 0.018302
v -0.000510 -0.001197 0.018340
v -0.000510 -0.001197 0.018302
v -0.000537 -0.001027 0.018340
v -0.000537 -0.001027 0.018302
v -0.000510 -0.000857 0.018340
v -0.000510 -0.000857 0.018302
v -0.000432 -0.000704 0.018340
v -0.000432 -0.000704 0.018302
v -0.000311 -0.000583 0.018340
v -0.000311 -0.000583 0.018302
v -0.000158 -0.000505 0.018340
v -0.000158 -0.000505 0.018302
v 0.000012 -0.000478 0.018340
v 0.000012 -0.000478 0.018302
v 0.000181 -0.000505 0.018340
v 0.000181 -0.000505 0.018302
v 0.000334 -0.000583 0.018340
v 0.000334 -0.000583 0.018302
v 0.000456 -0.000704 0.018340
v 0.000456 -0.000704 0.018302
v 0.000534 -0.000857 0.018340
v 0.000534 -0.000857 0.018302
v 0.000561 -0.001027 0.018340
v 0.000561 -0.001027 0.018302
v 0.000534 -0.001197 0.018340
v 0.000534 -0.001197 0.018302
v 0.000534 -0.001197 0.018340
v 0.000534 -0.000857 0.018340
v 0.001854 -0.001925 -0.009346
v 0.001927 -0.002014 -0.011989
v 0.001796 -0.001903 -0.009341
v 0.001679 -0.001869 -0.013252
v 0.001619 -0.001847 -0.013244
v 0.001874 -0.001890 -0.009232
v 0.001796 -0.001903 -0.009341
v 0.001816 -0.001868 -0.009226
v 0.001625 -0.001804 -0.013362
v 0.001619 -0.001847 -0.013244
v 0.001685 -0.001827 -0.013370
v 0.001805 -0.000108 -0.009179
v 0.001759 0.000075 -0.009185
v 0.001707 0.000041 -0.009179
v 0.001860 -0.000080 -0.009185
v 0.001917 -0.000402 -0.009179
v 0.001976 -0.000383 -0.009185
v 0.001999 -0.000706 -0.009179
v 0.002060 -0.000697 -0.009185
v 0.002015 -0.001021 -0.009179
v 0.002077 -0.001021 -0.009185
v 0.001999 -0.001336 -0.009179
v 0.002060 -0.001345 -0.009185
v 0.001917 -0.001640 -0.009179
v 0.001976 -0.001659 -0.009185
v 0.001911 -0.001829 -0.009185
v 0.001853 -0.001807 -0.009179
v 0.001816 -0.001868 -0.009226
v 0.001853 -0.001807 -0.009179
v 0.001874 -0.001890 -0.009232
v 0.001676 0.000211 -0.009346
v 0.001740 0.000255 -0.011989
v 0.001624 0.000177 -0.009341
v 0.001518 0.000065 -0.013252
v 0.001464 0.000030 -0.013244
v 0.001652 0.000147 -0.009226
v 0.001704 0.000181 -0.009232
v 0.001624 0.000177 -0.009341
v 0.001532 0.000025 -0.013369
v 0.001464 0.000030 -0.013244
v 0.001479 -0.000009 -0.013362
v 0.001707 -0.001578 -0.013411
v 0.001717 -0.001732 -0.013418
v 0.001657 -0.001710 -0.013411
v 0.001768 -0.001598 -0.013418
v 0.001781 -0.001307 -0.013411
v 0.001843 -0.001317 -0.013418
v 0.001795 -0.001027 -0.013411
v 0.001858 -0.001027 -0.013418
v 0.001685 -0.001827 -0.013370
v 0.001657 -0.001710 -0.013411
v 0.001625 -0.001804 -0.013362
v 0.001781 -0.000746 -0.013411
v 0.001795 -0.001027 -0.013411
v 0.001843 -0.000736 -0.013418
v 0.001707 -0.000475 -0.013411
v 0.001768 -0.000455 -0.013418
v 0.001607 -0.000212 -0.013411
v 0.001664 -0.000184 -0.013418
v 0.001584 -0.000060 -0.013418
v 0.001530 -0.000095 -0.013411
v 0.001479 -0.000009 -0.013362
v 0.001530 -0.000095 -0.013411
v 0.001532 0.000025 -0.013369
v 0.001707 0.000041 -0.009179
v 0.001704 0.000181 -0.009232
v 0.001652 0.000147 -0.009226
v 0.000401 -0.001421 -0.024520
v 0.002331 -0.003443 -0.024520
v 0.000355 -0.001467 -0.024520
v 0.002377 -0.003397 -0.024520
v 0.002514 -0.003534 -0.024430
v 0.002467 -0.003580 -0.024430
v 0.002570 -0.003591 -0.024211
v 0.002524 -0.003637 -0.024211
v 0.002524 -0.003637 -0.021568
v 0.002570 -0.003591 -0.021568
v 0.002520 -0.003541 -0.021322
v 0.002474 -0.003587 -0.021322
v 0.000539 -0.001651 -0.018935
v 0.000585 -0.001605 -0.018935
v 0.002474 -0.003587 -0.021322
v 0.002524 -0.003637 -0.024211
v 0.002524 -0.003637 -0.021568
v 0.002331 -0.003443 -0.024520
v 0.002467 -0.003580 -0.024430
v 0.000539 -0.001651 -0.018935
v 0.000355 -0.001467 -0.024520
v 0.002570 -0.003591 -0.024211
v 0.002514 -0.003534 -0.024430
v 0.002377 -0.003397 -0.024520
v 0.002520 -0.003541 -0.021322
v 0.002570 -0.003591 -0.021568
v 0.000585 -0.001605 -0.018935
v 0.000401 -0.001421 -0.024520
v -0.000347 -0.001460 -0.024520
v -0.002377 -0.003397 -0.024520
v -0.000393 -0.001413 -0.024520
v -0.002331 -0.003443 -0.024520
v -0.002467 -0.003580 -0.024430
v -0.002514 -0.003534 -0.024430
v -0.002524 -0.003637 -0.024211
v -0.002570 -0.003591 -0.024211
v -0.002570 -0.003591 -0.021568
v -0.002524 -0.003637 -0.021568
v -0.002474 -0.003587 -0.021322
v -0.002520 -0.003541 -0.021322
v -0.000585 -0.001605 -0.018935
v -0.000539 -0.001651 -0.018935
v -0.002520 -0.003541 -0.021322
v -0.002570 -0.003591 -0.024211
v -0.002570 -0.003591 -0.021568
v -0.002377 -0.003397 -0.024520
v -0.002514 -0.003534 -0.024430
v -0.000585 -0.001605 -0.018935
v -0.000393 -0.001413 -0.024520
v -0.002524 -0.003637 -0.024211
v -0.002467 -0.003580 -0.024430
v -0.002331 -0.003443 -0.024520
v -0.002474 -0.003587 -0.021322
v -0.002524 -0.003637 -0.021568
v -0.000539 -0.001651 -0.018935
v -0.000347 -0.001460 -0.024520
v -0.000397 -0.000715 -0.024520
v -0.002331 0.001310 -0.024520
v -0.000351 -0.000669 -0.024520
v -0.002377 0.001264 -0.024520
v -0.002514 0.001401 -0.024430
v -0.002467 0.001447 -0.024430
v -0.002570 0.001458 -0.024211
v -0.002524 0.001504 -0.024211
v -0.002524 0.001504 -0.021568
v -0.002570 0.001458 -0.021568
v -0.002520 0.001408 -0.021322
v -0.002474 0.001454 -0.021322
v -0.000539 -0.000482 -0.018935
v -0.000585 -0.000528 -0.018935
v -0.002474 0.001454 -0.021322
v -0.002524 0.001504 -0.024211
v -0.002524 0.001504 -0.021568
v -0.002331 0.001310 -0.024520
v -0.002467 0.001447 -0.024430
v -0.000539 -0.000482 -0.018935
v -0.000351 -0.000669 -0.024520
v -0.002570 0.001458 -0.024211
v -0.002514 0.001401 -0.024430
v -0.002377 0.001264 -0.024520
v -0.002520 0.001408 -0.021322
v -0.002570 0.001458 -0.021568
v -0.000585 -0.000528 -0.018935
v -0.000397 -0.000715 -0.024520
v 0.000343 -0.000677 -0.024520
v 0.002377 0.001264 -0.024520
v 0.000389 -0.000723 -0.024520
v 0.002331 0.001310 -0.024520
v 0.002467 0.001447 -0.024430
v 0.002514 0.001401 -0.024430
v 0.002524 0.001504 -0.024211
v 0.002570 0.001458 -0.024211
v 0.002570 0.001458 -0.021568
v 0.002524 0.001504 -0.021568
v 0.002474 0.001454 -0.021322
v 0.002520 0.001408 -0.021322
v 0.000585 -0.000528 -0.018935
v 0.000539 -0.000482 -0.018935
v 0.002520 0.001408 -0.021322
v 0.002570 0.001458 -0.024211
v 0.002570 0.001458 -0.021568
v 0.002377 0.001264 -0.024520
v 0.002514 0.001401 -0.024430
v 0.000585 -0.000528 -0.018935
v 0.000389 -0.000723 -0.024520
v 0.002524 0.001504 -0.024211
v 0.002467 0.001447 -0.024430
v 0.002331 0.001310 -0.024520
v 0.002474 0.001454 -0.021322
v 0.002524 0.001504 -0.021568
v 0.000539 -0.000482 -0.018935
v 0.000343 -0.000677 -0.024520
v -0.001417 -0.000524 -0.018032
v -0.001517 -0.000538 -0.016701
v -0.001368 -0.000538 -0.018024
v -0.001566 -0.000524 -0.016709
v -0.001447 -0.000819 -0.018032
v -0.001417 -0.000524 -0.018032
v -0.001368 -0.000538 -0.018024
v -0.001496 -0.000805 -0.018040
v -0.001461 -0.001066 -0.018036
v -0.001512 -0.001066 -0.018044
v -0.001496 -0.001328 -0.018040
v -0.001447 -0.001314 -0.018032
v -0.001417 -0.001609 -0.018032
v -0.001368 -0.001595 -0.018024
v -0.001638 -0.000784 -0.016720
v -0.001517 -0.000538 -0.016701
v -0.001566 -0.000524 -0.016709
v -0.001589 -0.000798 -0.016713
v -0.001654 -0.001066 -0.016715
v -0.001603 -0.001066 -0.016707
v -0.001589 -0.001335 -0.016713
v -0.001638 -0.001349 -0.016720
v -0.001517 -0.001595 -0.016701
v -0.001566 -0.001609 -0.016709
v -0.001496 -0.000805 -0.018040
v -0.001566 -0.000524 -0.016709
v -0.001417 -0.000524 -0.018032
v -0.001638 -0.000784 -0.016720
v -0.001512 -0.001066 -0.018044
v -0.001654 -0.001066 -0.016715
v -0.001638 -0.001349 -0.016720
v -0.001496 -0.001328 -0.018040
v -0.001566 -0.001609 -0.016709
v -0.001417 -0.001609 -0.018032
v -0.001417 -0.001609 -0.018032
v -0.001517 -0.001595 -0.016701
v -0.001566 -0.001609 -0.016709
v -0.001368 -0.001595 -0.018024
v -0.000984 -0.002971 -0.004772
v -0.000659 -0.003091 -0.001072
v -0.000978 -0.002970 -0.001072
v -0.000982 -0.002977 0.003631
v -0.001272 -0.002783 -0.004772
v -0.000663 -0.003094 -0.004772
v -0.001269 -0.002789 0.003631
v -0.000661 -0.003099 0.003631
v -0.001264 -0.002783 -0.001072
v -0.001248 -0.002751 0.007550
v -0.001272 -0.002787 -0.009046
v -0.000965 -0.002935 0.007550
v -0.000329 -0.003181 -0.001072
v -0.000984 -0.002975 -0.009046
v -0.001297 -0.002781 -0.011989
v -0.001010 -0.002969 -0.011989
v -0.001563 -0.002567 -0.011989
v -0.000663 -0.003097 -0.009046
v -0.000691 -0.003090 -0.011989
v -0.001540 -0.002571 -0.009046
v -0.001778 -0.002300 -0.011989
v -0.001540 -0.002568 -0.004772
v -0.001756 -0.002303 -0.009046
v -0.001965 -0.002014 -0.011989
v -0.001944 -0.002016 -0.009046
v -0.002086 -0.001695 -0.011989
v -0.001755 -0.002300 -0.004772
v -0.001530 -0.002569 -0.001072
v -0.001536 -0.002574 0.003631
v -0.002066 -0.001694 -0.009046
v -0.002176 -0.001364 -0.011989
v -0.001943 -0.002012 -0.004772
v -0.001745 -0.002302 -0.001072
v -0.001751 -0.002307 0.003631
v -0.002156 -0.001362 -0.009046
v -0.002193 -0.001023 -0.011989
v -0.002066 -0.001691 -0.004772
v -0.001932 -0.002016 -0.001072
v -0.001939 -0.002020 0.003631
v -0.002173 -0.001019 -0.009046
v -0.002176 -0.000681 -0.011989
v -0.002156 -0.001359 -0.004772
v -0.002053 -0.001697 -0.001072
v -0.002061 -0.001699 0.003631
v -0.002156 -0.000675 -0.009046
v -0.002086 -0.000351 -0.011989
v -0.002173 -0.001015 -0.004772
v -0.002143 -0.001367 -0.001072
v -0.002150 -0.001368 0.003631
v -0.002066 -0.000343 -0.009046
v -0.001965 -0.000031 -0.011989
v -0.002156 -0.000672 -0.004772
v -0.002159 -0.001026 -0.001072
v -0.002167 -0.001026 0.003631
v -0.001944 -0.000022 -0.009046
v -0.001778 0.000255 -0.011989
v -0.002066 -0.000340 -0.004772
v -0.002143 -0.000684 -0.001072
v -0.002150 -0.000683 0.003631
v -0.001756 0.000266 -0.009046
v -0.001563 0.000521 -0.011989
v -0.001943 -0.000019 -0.004772
v -0.002053 -0.000354 -0.001072
v -0.001540 0.000534 -0.009046
v -0.002061 -0.000352 0.003631
v -0.001297 0.000736 -0.011989
v -0.001755 0.000269 -0.004772
v -0.001932 -0.000035 -0.001072
v -0.001939 -0.000031 0.003631
v -0.001272 0.000750 -0.009046
v -0.001010 0.000923 -0.011989
v -0.001540 0.000537 -0.004772
v -0.001272 0.000752 -0.004772
v -0.000984 0.000938 -0.009046
v -0.000691 0.001045 -0.011989
v -0.001745 0.000251 -0.001072
v -0.001530 0.000517 -0.001072
v -0.001751 0.000256 0.003631
v -0.000663 0.001060 -0.009046
v -0.000361 0.001134 -0.011989
v -0.000984 0.000940 -0.004772
v -0.001264 0.000732 -0.001072
v -0.000331 0.001150 -0.009046
v -0.000019 0.001151 -0.011989
v -0.000663 0.001063 -0.004772
v -0.000978 0.000919 -0.001072
v 0.000013 0.001167 -0.009046
v 0.000323 0.001134 -0.011989
v -0.000331 0.001153 -0.004772
v -0.000659 0.001040 -0.001072
v 0.000356 0.001150 -0.009046
v 0.000653 0.001045 -0.011989
v 0.000013 0.001170 -0.004772
v 0.000013 0.001146 -0.001072
v 0.000688 0.001060 -0.009046
v 0.000972 0.000923 -0.011989
v 0.000356 0.001153 -0.004772
v 0.001010 0.000938 -0.009046
v 0.001259 0.000736 -0.011989
v 0.000688 0.001063 -0.004772
v 0.000354 0.001129 -0.001072
v 0.001009 0.000940 -0.004772
v 0.001297 0.000750 -0.009046
v 0.001525 0.000521 -0.011989
v 0.000684 0.001040 -0.001072
v 0.001297 0.000752 -0.004772
v 0.001566 0.000534 -0.009046
v 0.001740 0.000255 -0.011989
v 0.001003 0.000919 -0.001072
v 0.001565 0.000537 -0.004772
v 0.001781 0.000266 -0.009046
v 0.001927 -0.000031 -0.011989
v 0.001289 0.000732 -0.001072
v 0.001780 0.000269 -0.004772
v 0.001969 -0.000022 -0.009046
v 0.002049 -0.000351 -0.011989
v 0.001555 0.000517 -0.001072
v 0.001968 -0.000019 -0.004772
v 0.002092 -0.000343 -0.009046
v 0.002138 -0.000681 -0.011989
v 0.001770 0.000251 -0.001072
v 0.002091 -0.000340 -0.004772
v 0.002182 -0.000675 -0.009046
v 0.002199 -0.001019 -0.009046
v 0.002155 -0.001023 -0.011989
v 0.002138 -0.001364 -0.011989
v 0.002198 -0.001015 -0.004772
v 0.002182 -0.001362 -0.009046
v 0.002049 -0.001695 -0.011989
v 0.001957 -0.000035 -0.001072
v 0.002181 -0.000672 -0.004772
v 0.002078 -0.000354 -0.001072
v 0.002168 -0.000684 -0.001072
v 0.002181 -0.001359 -0.004772
v 0.002092 -0.001694 -0.009046
v 0.001927 -0.002014 -0.011989
v 0.002185 -0.001026 -0.001072
v 0.002091 -0.001691 -0.004772
v 0.001969 -0.002016 -0.009046
v 0.001740 -0.002300 -0.011989
v 0.002168 -0.001367 -0.001072
v 0.001968 -0.002012 -0.004772
v 0.001781 -0.002303 -0.009046
v 0.001525 -0.002567 -0.011989
v 0.002078 -0.001697 -0.001072
v 0.001780 -0.002300 -0.004772
v 0.001566 -0.002571 -0.009046
v 0.001259 -0.002781 -0.011989
v 0.001957 -0.002016 -0.001072
v 0.001565 -0.002568 -0.004772
v 0.001297 -0.002787 -0.009046
v 0.000972 -0.002969 -0.011989
v 0.001770 -0.002302 -0.001072
v 0.001297 -0.002783 -0.004772
v 0.001010 -0.002975 -0.009046
v 0.000653 -0.003090 -0.011989
v 0.001555 -0.002569 -0.001072
v 0.001009 -0.002971 -0.004772
v 0.000688 -0.003097 -0.009046
v 0.000323 -0.003180 -0.011989
v 0.001289 -0.002783 -0.001072
v 0.000688 -0.003094 -0.004772
v 0.000356 -0.003188 -0.009046
v -0.000019 -0.003197 -0.011989
v 0.000013 -0.003205 -0.009046
v 0.000356 -0.003184 -0.004772
v 0.000013 -0.003201 -0.004772
v 0.001003 -0.002970 -0.001072
v 0.000684 -0.003091 -0.001072
v 0.000354 -0.003181 -0.001072
v 0.000013 -0.003198 -0.001072
v 0.000013 -0.003206 0.003631
v 0.000355 -0.003189 0.003631
v 0.000013 -0.003160 0.007550
v 0.000686 -0.003099 0.003631
v 0.000350 -0.003144 0.007550
v 0.000013 -0.003081 0.011670
v 0.001007 -0.002977 0.003631
v 0.000675 -0.003055 0.007550
v 0.000341 -0.003064 0.011670
v 0.000013 -0.002785 0.013650
v 0.001294 -0.002789 0.003631
v 0.000990 -0.002935 0.007550
v 0.000658 -0.002978 0.011670
v 0.000294 -0.002771 0.013650
v 0.000009 -0.002357 0.015755
v 0.001561 -0.002574 0.003631
v 0.001273 -0.002751 0.007550
v 0.000965 -0.002862 0.011670
v 0.000566 -0.002697 0.013650
v 0.000218 -0.002347 0.015755
v 0.000009 -0.001965 0.017292
v 0.000157 -0.001958 0.017292
v 0.000012 -0.001636 0.018340
v 0.000200 -0.001607 0.018340
v 0.000420 -0.002292 0.015755
v 0.000299 -0.001919 0.017292
v 0.000437 -0.001867 0.017292
v 0.000370 -0.001520 0.018340
v 0.000615 -0.002218 0.015755
v 0.000830 -0.002597 0.013650
v 0.001240 -0.002682 0.011670
v 0.001066 -0.002443 0.013650
v 0.000790 -0.002104 0.015755
v 0.000560 -0.001786 0.017292
v 0.001536 -0.002539 0.007550
v 0.001496 -0.002476 0.011670
v 0.001286 -0.002266 0.013650
v 0.000953 -0.001973 0.015755
v 0.000675 -0.001693 0.017292
v 0.000505 -0.001385 0.018340
v 0.001702 -0.002220 0.011670
v 0.001462 -0.002046 0.013650
v 0.001083 -0.001810 0.015755
v 0.000768 -0.001578 0.017292
v 0.000849 -0.001455 0.017292
v 0.000591 -0.001215 0.018340
v 0.000901 -0.001317 0.017292
v 0.001198 -0.001635 0.015755
v 0.001272 -0.001440 0.015755
v 0.001617 -0.001810 0.013650
v 0.001717 -0.001547 0.013650
v 0.001327 -0.001238 0.015755
v 0.001791 -0.001275 0.013650
v 0.001882 -0.001945 0.011670
v 0.001999 -0.001638 0.011670
v 0.002085 -0.001321 0.011670
v 0.001805 -0.000993 0.013650
v 0.002101 -0.000992 0.011670
v 0.002140 -0.001353 0.007550
v 0.002052 -0.001679 0.007550
v 0.001932 -0.001994 0.007550
v 0.002157 -0.001016 0.007550
v 0.001747 -0.002276 0.007550
v 0.001776 -0.002307 0.003631
v 0.001964 -0.002020 0.003631
v 0.002086 -0.001699 0.003631
v 0.002176 -0.001368 0.003631
v 0.002192 -0.001026 0.003631
v 0.002176 -0.000683 0.003631
v 0.002140 -0.000679 0.007550
v 0.002086 -0.000352 0.003631
v 0.002085 -0.000664 0.011670
v 0.002052 -0.000353 0.007550
v 0.001964 -0.000031 0.003631
v 0.001776 0.000256 0.003631
v 0.001932 -0.000038 0.007550
v 0.001999 -0.000347 0.011670
v 0.001791 -0.000711 0.013650
v 0.001561 0.000523 0.003631
v 0.001747 0.000244 0.007550
v 0.001882 -0.000040 0.011670
v 0.001717 -0.000439 0.013650
v 0.001294 0.000738 0.003631
v 0.001536 0.000507 0.007550
v 0.001702 0.000235 0.011670
v 0.001617 -0.000176 0.013650
v 0.001007 0.000926 0.003631
v 0.001273 0.000719 0.007550
v 0.001496 0.000491 0.011670
v 0.001462 0.000060 0.013650
v 0.000686 0.001048 0.003631
v 0.000990 0.000903 0.007550
v 0.001240 0.000697 0.011670
v 0.001286 0.000280 0.013650
v 0.000355 0.001137 0.003631
v 0.000675 0.001023 0.007550
v 0.000965 0.000877 0.011670
v 0.001066 0.000457 0.013650
v 0.000658 0.000994 0.011670
v 0.000350 0.001111 0.007550
v 0.000830 0.000611 0.013650
v 0.000341 0.001079 0.011670
v 0.000013 0.001154 0.003631
v 0.000013 0.001128 0.007550
v -0.000329 0.001129 -0.001072
v -0.000330 0.001137 0.003631
v -0.000661 0.001048 0.003631
v -0.000324 0.001111 0.007550
v -0.000982 0.000926 0.003631
v -0.000650 0.001023 0.007550
v 0.000013 0.001096 0.011670
v -0.000315 0.001079 0.011670
v -0.001269 0.000738 0.003631
v -0.000965 0.000903 0.007550
v -0.000633 0.000994 0.011670
v -0.001536 0.000523 0.003631
v -0.001248 0.000719 0.007550
v -0.000940 0.000877 0.011670
v -0.001722 0.000244 0.007550
v -0.001511 0.000507 0.007550
v -0.001215 0.000697 0.011670
v -0.001471 0.000491 0.011670
v -0.001907 -0.000038 0.007550
v -0.001677 0.000235 0.011670
v -0.002027 -0.000353 0.007550
v -0.001856 -0.000040 0.011670
v -0.002115 -0.000679 0.007550
v -0.001973 -0.000347 0.011670
v -0.002132 -0.001016 0.007550
v -0.002059 -0.000664 0.011670
v -0.002115 -0.001353 0.007550
v -0.002076 -0.000992 0.011670
v -0.002027 -0.001679 0.007550
v -0.002059 -0.001321 0.011670
v -0.001907 -0.001994 0.007550
v -0.001973 -0.001638 0.011670
v -0.001722 -0.002276 0.007550
v -0.001856 -0.001945 0.011670
v -0.001511 -0.002539 0.007550
v -0.001677 -0.002220 0.011670
v -0.001471 -0.002476 0.011670
v -0.001215 -0.002682 0.011670
v -0.001437 -0.002046 0.013650
v -0.001591 -0.001810 0.013650
v -0.001260 -0.002266 0.013650
v -0.001179 -0.001635 0.015755
v -0.001692 -0.001547 0.013650
v -0.001253 -0.001440 0.015755
v -0.001765 -0.001275 0.013650
v -0.001308 -0.001238 0.015755
v -0.001065 -0.001810 0.015755
v -0.001779 -0.000993 0.013650
v -0.001318 -0.001030 0.015755
v -0.000928 -0.001027 0.017292
v -0.001765 -0.000711 0.013650
v -0.001308 -0.000821 0.015755
v -0.000921 -0.000880 0.017292
v -0.000598 -0.001027 0.018340
v -0.000921 -0.001175 0.017292
v -0.000568 -0.001215 0.018340
v -0.000568 -0.000839 0.018340
v -0.000882 -0.001317 0.017292
v -0.000830 -0.001455 0.017292
v -0.000568 -0.001215 0.018340
v -0.000481 -0.001385 0.018340
v -0.000749 -0.001578 0.017292
v -0.000934 -0.001973 0.015755
v -0.000657 -0.001693 0.017292
v -0.000347 -0.001520 0.018340
v -0.000542 -0.001786 0.017292
v -0.001041 -0.002443 0.013650
v -0.000771 -0.002104 0.015755
v -0.000418 -0.001867 0.017292
v -0.000177 -0.001607 0.018340
v -0.000596 -0.002218 0.015755
v -0.000805 -0.002597 0.013650
v -0.000940 -0.002862 0.011670
v -0.000650 -0.003055 0.007550
v -0.000633 -0.002978 0.011670
v -0.000541 -0.002697 0.013650
v -0.000401 -0.002292 0.015755
v -0.000330 -0.003189 0.003631
v -0.000324 -0.003144 0.007550
v -0.000315 -0.003064 0.011670
v 0.000013 -0.003206 0.003631
v 0.000013 -0.003160 0.007550
v 0.000013 -0.003198 -0.001072
v 0.000013 -0.003081 0.011670
v -0.000331 -0.003184 -0.004772
v 0.000013 -0.003201 -0.004772
v -0.000269 -0.002771 0.013650
v 0.000013 -0.002785 0.013650
v -0.000331 -0.003188 -0.009046
v 0.000013 -0.003205 -0.009046
v -0.000361 -0.003180 -0.011989
v -0.000019 -0.003197 -0.011989
v -0.000199 -0.002347 0.015755
v 0.000009 -0.002357 0.015755
v -0.000280 -0.001919 0.017292
v -0.000138 -0.001958 0.017292
v 0.000012 -0.001636 0.018340
v 0.000009 -0.001965 0.017292
v -0.001692 -0.000439 0.013650
v -0.001179 -0.000424 0.015755
v -0.001591 -0.000176 0.013650
v -0.001253 -0.000619 0.015755
v -0.001437 0.000060 0.013650
v -0.001065 -0.000249 0.015755
v -0.000882 -0.000738 0.017292
v -0.000830 -0.000600 0.017292
v -0.000481 -0.000669 0.018340
v -0.000749 -0.000476 0.017292
v -0.000657 -0.000361 0.017292
v -0.000347 -0.000534 0.018340
v -0.000542 -0.000269 0.017292
v -0.000934 -0.000086 0.015755
v -0.001260 0.000280 0.013650
v -0.000771 0.000044 0.015755
v -0.001041 0.000457 0.013650
v -0.000418 -0.000188 0.017292
v -0.000347 -0.000534 0.018340
v -0.000177 -0.000447 0.018340
v -0.000596 0.000159 0.015755
v -0.000805 0.000611 0.013650
v -0.000280 -0.000136 0.017292
v -0.000138 -0.000097 0.017292
v -0.000401 0.000233 0.015755
v 0.000012 -0.000417 0.018340
v -0.000541 0.000711 0.013650
v -0.000199 0.000288 0.015755
v -0.000269 0.000785 0.013650
v 0.000009 -0.000090 0.017292
v 0.000009 0.000298 0.015755
v 0.000013 0.000799 0.013650
v 0.000157 -0.000097 0.017292
v 0.000200 -0.000447 0.018340
v 0.000218 0.000288 0.015755
v 0.000294 0.000785 0.013650
v 0.000299 -0.000136 0.017292
v 0.000437 -0.000188 0.017292
v 0.000370 -0.000534 0.018340
v 0.000420 0.000233 0.015755
v 0.000560 -0.000269 0.017292
v 0.000566 0.000711 0.013650
v 0.000615 0.000159 0.015755
v 0.000790 0.000044 0.015755
v 0.000675 -0.000361 0.017292
v 0.000370 -0.000534 0.018340
v 0.000505 -0.000669 0.018340
v 0.000953 -0.000086 0.015755
v 0.000768 -0.000476 0.017292
v 0.000849 -0.000600 0.017292
v 0.001083 -0.000249 0.015755
v 0.000591 -0.000839 0.018340
v 0.001198 -0.000424 0.015755
v 0.000901 -0.000738 0.017292
v 0.001272 -0.000619 0.015755
v 0.000940 -0.000880 0.017292
v 0.000621 -0.001027 0.018340
v 0.001327 -0.000821 0.015755
v 0.000947 -0.001027 0.017292
v 0.001337 -0.001030 0.015755
v 0.000940 -0.001175 0.017292
v 0.000591 -0.001215 0.018340
v -0.000596 -0.002235 -0.019518
v -0.000323 -0.001511 -0.026056
v -0.000251 -0.001558 -0.026056
v -0.000768 -0.002123 -0.019518
v -0.000390 -0.001457 -0.026056
v -0.000404 -0.002308 -0.019518
v -0.000170 -0.001589 -0.026056
v -0.000984 -0.002420 -0.016159
v -0.000205 -0.002362 -0.019518
v -0.000086 -0.001612 -0.026056
v -0.000763 -0.002564 -0.016159
v 0.000000 -0.002372 -0.019518
v 0.000000 -0.001616 -0.026056
v -0.000517 -0.002658 -0.016159
v -0.000263 -0.002727 -0.016159
v 0.000000 -0.002740 -0.016159
v -0.000019 -0.003197 -0.011989
v -0.000361 -0.003180 -0.011989
v -0.000691 -0.003090 -0.011989
v -0.001010 -0.002969 -0.011989
v -0.001297 -0.002781 -0.011989
v -0.001189 -0.002255 -0.016159
v -0.001563 -0.002567 -0.011989
v -0.000928 -0.001994 -0.019518
v -0.000445 -0.001390 -0.026056
v -0.001354 -0.002050 -0.016159
v -0.001778 -0.002300 -0.011989
v -0.001056 -0.001834 -0.019518
v -0.000492 -0.001317 -0.026056
v -0.001498 -0.001830 -0.016159
v -0.001965 -0.002014 -0.011989
v -0.001169 -0.001662 -0.019518
v -0.000523 -0.001236 -0.026056
v -0.001592 -0.001583 -0.016159
v -0.002086 -0.001695 -0.011989
v -0.001242 -0.001470 -0.019518
v -0.000545 -0.001153 -0.026056
v -0.001660 -0.001329 -0.016159
v -0.002176 -0.001364 -0.011989
v -0.001296 -0.001272 -0.019518
v -0.000550 -0.001066 -0.026056
v -0.001306 -0.001066 -0.019518
v -0.001673 -0.001066 -0.016159
v -0.002193 -0.001023 -0.011989
v -0.001660 -0.000803 -0.016159
v -0.001673 -0.001066 -0.016159
v -0.002176 -0.000681 -0.011989
v -0.001306 -0.001066 -0.019518
v -0.001592 -0.000549 -0.016159
v -0.002086 -0.000351 -0.011989
v -0.001296 -0.000861 -0.019518
v -0.000545 -0.000980 -0.026056
v -0.000523 -0.000897 -0.026056
v -0.001242 -0.000663 -0.019518
v -0.000492 -0.000816 -0.026056
v -0.001498 -0.000303 -0.016159
v -0.001965 -0.000031 -0.011989
v -0.001169 -0.000471 -0.019518
v -0.000445 -0.000743 -0.026056
v -0.001354 -0.000083 -0.016159
v -0.001778 0.000255 -0.011989
v -0.001056 -0.000299 -0.019518
v -0.000928 -0.000139 -0.019518
v -0.000390 -0.000676 -0.026056
v -0.001189 0.000122 -0.016159
v -0.001563 0.000521 -0.011989
v -0.000323 -0.000622 -0.026056
v -0.000984 0.000287 -0.016159
v -0.001297 0.000736 -0.011989
v -0.000768 -0.000010 -0.019518
v -0.000251 -0.000574 -0.026056
v -0.000763 0.000432 -0.016159
v -0.001010 0.000923 -0.011989
v -0.000596 0.000102 -0.019518
v -0.000170 -0.000544 -0.026056
v -0.000517 0.000525 -0.016159
v -0.000691 0.001045 -0.011989
v -0.000404 0.000176 -0.019518
v -0.000086 -0.000521 -0.026056
v -0.000263 0.000594 -0.016159
v -0.000361 0.001134 -0.011989
v -0.000205 0.000229 -0.019518
v 0.000000 -0.000517 -0.026056
v 0.000000 0.000239 -0.019518
v 0.000000 0.000607 -0.016159
v -0.000019 0.001151 -0.011989
v 0.000263 0.000594 -0.016159
v 0.000000 0.000607 -0.016159
v 0.000323 0.001134 -0.011989
v 0.000000 0.000239 -0.019518
v 0.000517 0.000525 -0.016159
v 0.000653 0.001045 -0.011989
v 0.000205 0.000229 -0.019518
v 0.000086 -0.000521 -0.026056
v 0.000170 -0.000544 -0.026056
v 0.000404 0.000176 -0.019518
v 0.000251 -0.000574 -0.026056
v 0.000763 0.000432 -0.016159
v 0.000972 0.000923 -0.011989
v 0.000596 0.000102 -0.019518
v 0.000323 -0.000622 -0.026056
v 0.000984 0.000287 -0.016159
v 0.001259 0.000736 -0.011989
v 0.000768 -0.000010 -0.019518
v 0.000390 -0.000676 -0.026056
v 0.001189 0.000122 -0.016159
v 0.001525 0.000521 -0.011989
v 0.000928 -0.000139 -0.019518
v 0.000445 -0.000743 -0.026056
v 0.001354 -0.000083 -0.016159
v 0.001740 0.000255 -0.011989
v 0.001056 -0.000299 -0.019518
v 0.000492 -0.000816 -0.026056
v 0.001498 -0.000303 -0.016159
v 0.001927 -0.000031 -0.011989
v 0.001169 -0.000471 -0.019518
v 0.000523 -0.000897 -0.026056
v 0.001592 -0.000549 -0.016159
v 0.002049 -0.000351 -0.011989
v 0.001242 -0.000663 -0.019518
v 0.000545 -0.000980 -0.026056
v 0.001660 -0.000803 -0.016159
v 0.002138 -0.000681 -0.011989
v 0.001296 -0.000861 -0.019518
v 0.000550 -0.001066 -0.026056
v 0.001306 -0.001066 -0.019518
v 0.001673 -0.001066 -0.016159
v 0.002155 -0.001023 -0.011989
v 0.001660 -0.001329 -0.016159
v 0.001673 -0.001066 -0.016159
v 0.002138 -0.001364 -0.011989
v 0.001306 -0.001066 -0.019518
v 0.001592 -0.001583 -0.016159
v 0.002049 -0.001695 -0.011989
v 0.001296 -0.001272 -0.019518
v 0.000545 -0.001153 -0.026056
v 0.000523 -0.001236 -0.026056
v 0.001242 -0.001470 -0.019518
v 0.000492 -0.001317 -0.026056
v 0.001498 -0.001830 -0.016159
v 0.001927 -0.002014 -0.011989
v 0.001169 -0.001662 -0.019518
v 0.000445 -0.001390 -0.026056
v 0.001354 -0.002050 -0.016159
v 0.001740 -0.002300 -0.011989
v 0.001056 -0.001834 -0.019518
v 0.000390 -0.001457 -0.026056
v 0.001189 -0.002255 -0.016159
v 0.001525 -0.002567 -0.011989
v 0.000928 -0.001994 -0.019518
v 0.000323 -0.001511 -0.026056
v 0.000984 -0.002420 -0.016159
v 0.001259 -0.002781 -0.011989
v 0.000768 -0.002123 -0.019518
v 0.000251 -0.001558 -0.026056
v 0.000763 -0.002564 -0.016159
v 0.000972 -0.002969 -0.011989
v 0.000596 -0.002235 -0.019518
v 0.000170 -0.001589 -0.026056
v 0.000517 -0.002658 -0.016159
v 0.000653 -0.003090 -0.011989
v 0.000404 -0.002308 -0.019518
v 0.000086 -0.001612 -0.026056
v 0.000263 -0.002727 -0.016159
v 0.000323 -0.003180 -0.011989
v 0.000205 -0.002362 -0.019518
v 0.000000 -0.002372 -0.019518
v 0.000000 -0.002740 -0.016159
v -0.000019 -0.003197 -0.011989
v -0.000290 -0.001465 -0.026056
v -0.000399 -0.001356 -0.026056
v -0.000152 -0.001535 -0.026056
v -0.000469 -0.001219 -0.026056
v 0.000000 -0.001559 -0.026056
v -0.000493 -0.001066 -0.026056
v 0.000152 -0.001535 -0.026056
v -0.000469 -0.000914 -0.026056
v 0.000290 -0.001465 -0.026056
v -0.000399 -0.000777 -0.026056
v 0.000399 -0.001356 -0.026056
v -0.000290 -0.000668 -0.026056
v 0.000469 -0.001219 -0.026056
v -0.000152 -0.000598 -0.026056
v 0.000493 -0.001066 -0.026056
v 0.000000 -0.000574 -0.026056
v 0.000469 -0.000914 -0.026056
v 0.000152 -0.000598 -0.026056
v 0.000399 -0.000777 -0.026056
v 0.000290 -0.000668 -0.026056
v 0.000000 -0.001066 -0.024372
v -0.000177 -0.001607 0.018340
v -0.000318 -0.001481 0.018340
v -0.000347 -0.001520 0.018340
v -0.000443 -0.001357 0.018340
v -0.000162 -0.001561 0.018340
v -0.000481 -0.001385 0.018340
v 0.000012 -0.001636 0.018340
v -0.000522 -0.001201 0.018340
v 0.000012 -0.001589 0.018340
v -0.000568 -0.001215 0.018340
v 0.000200 -0.001607 0.018340
v -0.000550 -0.001027 0.018340
v 0.000185 -0.001561 0.018340
v -0.000598 -0.001027 0.018340
v 0.000370 -0.001520 0.018340
v -0.000522 -0.000853 0.018340
v 0.000342 -0.001481 0.018340
v -0.000568 -0.000839 0.018340
v 0.000505 -0.001385 0.018340
v -0.000443 -0.000697 0.018340
v 0.000466 -0.001357 0.018340
v -0.000481 -0.000669 0.018340
v 0.000591 -0.001215 0.018340
v -0.000318 -0.000573 0.018340
v 0.000546 -0.001201 0.018340
v -0.000347 -0.000534 0.018340
v 0.000621 -0.001027 0.018340
v -0.000162 -0.000493 0.018340
v 0.000573 -0.001027 0.018340
v -0.000177 -0.000447 0.018340
v 0.000591 -0.000839 0.018340
v 0.000012 -0.000465 0.018340
v 0.000546 -0.000853 0.018340
v 0.000012 -0.000417 0.018340
v 0.000505 -0.000669 0.018340
v 0.000185 -0.000493 0.018340
v 0.000466 -0.000697 0.018340
v 0.000200 -0.000447 0.018340
v 0.000370 -0.000534 0.018340
v 0.000342 -0.000573 0.018340
v -0.000162 -0.001561 0.018340
v -0.000321 -0.001485 0.018303
v -0.000318 -0.001481 0.018340
v -0.000446 -0.001360 0.018303
v -0.000163 -0.001565 0.018303
v -0.000443 -0.001357 0.018340
v 0.000012 -0.001589 0.018340
v -0.000527 -0.001202 0.018303
v 0.000012 -0.001593 0.018303
v -0.000522 -0.001201 0.018340
v 0.000185 -0.001561 0.018340
v -0.000554 -0.001027 0.018303
v 0.000186 -0.001565 0.018303
v -0.000550 -0.001027 0.018340
v 0.000342 -0.001481 0.018340
v -0.000527 -0.000852 0.018303
v 0.000344 -0.001485 0.018303
v -0.000522 -0.000853 0.018340
v 0.000466 -0.001357 0.018340
v -0.000446 -0.000694 0.018303
v 0.000470 -0.001360 0.018303
v -0.000443 -0.000697 0.018340
v 0.000546 -0.001201 0.018340
v -0.000321 -0.000569 0.018303
v 0.000550 -0.001202 0.018303
v -0.000318 -0.000573 0.018340
v 0.000573 -0.001027 0.018340
v -0.000163 -0.000489 0.018303
v 0.000578 -0.001027 0.018303
v -0.000162 -0.000493 0.018340
v 0.000546 -0.000853 0.018340
v 0.000012 -0.000461 0.018303
v 0.000550 -0.000852 0.018303
v 0.000012 -0.000465 0.018340
v 0.000466 -0.000697 0.018340
v 0.000186 -0.000489 0.018303
v 0.000470 -0.000694 0.018303
v 0.000185 -0.000493 0.018340
v 0.000342 -0.000573 0.018340
v 0.000344 -0.000569 0.018303
v -0.000060 0.001126 0.001783
v -0.000121 0.001182 0.001740
v -0.000121 0.001126 0.001740
v -0.000060 0.001182 0.001783
v -0.000162 0.001182 0.001676
v -0.000162 0.001126 0.001676
v -0.000176 0.001182 0.001600
v -0.000176 0.001126 0.001600
v -0.000162 0.001182 0.001524
v -0.000162 0.001126 0.001524
v -0.000121 0.001182 0.001460
v -0.000121 0.001126 0.001460
v -0.000060 0.001182 0.001417
v -0.000060 0.001126 0.001417
v 0.000013 0.001182 0.001402
v 0.000013 0.001126 0.001402
v 0.000085 0.001182 0.001417
v 0.000085 0.001126 0.001417
v 0.000146 0.001182 0.001460
v 0.000146 0.001126 0.001460
v 0.000187 0.001182 0.001524
v 0.000187 0.001126 0.001524
v 0.000201 0.001182 0.001600
v 0.000201 0.001126 0.001600
v 0.000187 0.001182 0.001676
v 0.000187 0.001126 0.001676
v 0.000146 0.001182 0.001740
v 0.000146 0.001126 0.001740
v 0.000085 0.001182 0.001783
v 0.000085 0.001126 0.001783
v 0.000013 0.001182 0.001798
v 0.000013 0.001126 0.001798
v -0.000060 0.001182 0.001783
v -0.000060 0.001126 0.001783
v -0.000060 0.001182 0.001783
v 0.000013 0.001182 0.001600
v -0.000121 0.001182 0.001740
v -0.000162 0.001182 0.001676
v 0.000013 0.001182 0.001798
v -0.000176 0.001182 0.001600
v 0.000085 0.001182 0.001783
v -0.000162 0.001182 0.001524
v 0.000146 0.001182 0.001740
v -0.000121 0.001182 0.001460
v 0.000187 0.001182 0.001676
v -0.000060 0.001182 0.001417
v 0.000201 0.001182 0.001600
v 0.000013 0.001182 0.001402
v 0.000187 0.001182 0.001524
v 0.000085 0.001182 0.001417
v 0.000146 0.001182 0.001460
v -0.000103 0.001129 0.003677
v -0.000201 0.001179 0.003608
v -0.000201 0.001129 0.003608
v -0.000103 0.001179 0.003677
v -0.000266 0.001179 0.003506
v -0.000266 0.001129 0.003506
v -0.000289 0.001179 0.003385
v -0.000289 0.001129 0.003385
v -0.000266 0.001179 0.003263
v -0.000266 0.001129 0.003263
v -0.000201 0.001179 0.003160
v -0.000201 0.001129 0.003160
v -0.000103 0.001179 0.003091
v -0.000103 0.001129 0.003091
v 0.000013 0.001179 0.003067
v 0.000013 0.001129 0.003067
v 0.000128 0.001179 0.003091
v 0.000128 0.001129 0.003091
v 0.000226 0.001179 0.003160
v 0.000226 0.001129 0.003160
v 0.000291 0.001179 0.003263
v 0.000291 0.001129 0.003263
v 0.000314 0.001179 0.003385
v 0.000314 0.001129 0.003385
v 0.000291 0.001179 0.003506
v 0.000291 0.001129 0.003506
v 0.000226 0.001179 0.003608
v 0.000226 0.001129 0.003608
v 0.000128 0.001179 0.003677
v 0.000128 0.001129 0.003677
v 0.000013 0.001179 0.003701
v 0.000013 0.001129 0.003701
v -0.000103 0.001179 0.003677
v -0.000103 0.001129 0.003677
v -0.000103 0.001179 0.003677
v 0.000013 0.001179 0.003385
v -0.000201 0.001179 0.003608
v -0.000266 0.001179 0.003506
v 0.000013 0.001179 0.003701
v -0.000289 0.001179 0.003385
v 0.000128 0.001179 0.003677
v -0.000266 0.001179 0.003263
v 0.000226 0.001179 0.003608
v -0.000201 0.001179 0.003160
v 0.000291 0.001179 0.003506
v -0.000103 0.001179 0.003091
v 0.000314 0.001179 0.003385
v 0.000013 0.001179 0.003067
v 0.000291 0.001179 0.003263
v 0.000128 0.001179 0.003091
v 0.000226 0.001179 0.003160
v -0.000095 0.001462 0.004622
v 0.000013 0.001427 0.004532
v 0.000013 0.001464 0.004619
v -0.000080 0.001419 0.004532
v -0.000110 0.001491 0.004621
v -0.000130 0.001429 0.004626
v 0.000013 0.001496 0.004618
v -0.000092 0.001249 0.004532
v -0.000129 0.001516 0.004532
v -0.000160 0.001445 0.004624
v 0.000013 0.001521 0.004532
v -0.000178 0.001239 0.004633
v -0.000144 0.001239 0.004637
v -0.000067 0.001155 0.004532
v -0.000105 0.001155 0.004649
v -0.000154 0.001155 0.004707
v -0.000205 0.001155 0.004627
v -0.000180 0.001468 0.004532
v -0.000200 0.001239 0.004532
v -0.000223 0.001155 0.004532
v -0.000110 0.001491 0.004443
v -0.000160 0.001445 0.004440
v -0.000178 0.001239 0.004431
v -0.000205 0.001155 0.004437
v -0.000154 0.001155 0.004356
v -0.000144 0.001239 0.004426
v -0.000105 0.001155 0.004406
v -0.000092 0.001249 0.004532
v -0.000067 0.001155 0.004532
v -0.000080 0.001419 0.004532
v -0.000130 0.001429 0.004437
v -0.000095 0.001462 0.004441
v 0.000013 0.001464 0.004445
v 0.000013 0.001427 0.004532
v 0.000013 0.001496 0.004446
v 0.000013 0.001464 0.004445
v 0.000105 0.001419 0.004532
v 0.000120 0.001462 0.004441
v 0.000013 0.001496 0.004446
v 0.000155 0.001429 0.004437
v 0.000135 0.001491 0.004443
v 0.000154 0.001516 0.004532
v 0.000185 0.001445 0.004440
v 0.000169 0.001239 0.004426
v 0.000117 0.001249 0.004532
v 0.000013 0.001496 0.004618
v 0.000130 0.001155 0.004406
v 0.000092 0.001155 0.004532
v 0.000179 0.001155 0.004356
v 0.000203 0.001239 0.004431
v 0.000231 0.001155 0.004437
v 0.000248 0.001155 0.004532
v 0.000225 0.001239 0.004532
v 0.000231 0.001155 0.004627
v 0.000205 0.001468 0.004532
v 0.000203 0.001239 0.004633
v 0.000179 0.001155 0.004707
v 0.000185 0.001445 0.004624
v 0.000135 0.001491 0.004621
v 0.000013 0.001464 0.004619
v 0.000155 0.001429 0.004626
v 0.000120 0.001462 0.004622
v 0.000105 0.001419 0.004532
v 0.000117 0.001249 0.004532
v 0.000169 0.001239 0.004637
v 0.000092 0.001155 0.004532
v 0.000130 0.001155 0.004649
v -0.000078 0.001099 0.004761
v -0.000154 0.001155 0.004707
v -0.000154 0.001099 0.004707
v -0.000078 0.001155 0.004761
v -0.000205 0.001155 0.004627
v -0.000205 0.001099 0.004627
v -0.000223 0.001155 0.004532
v -0.000223 0.001099 0.004532
v -0.000205 0.001155 0.004437
v -0.000205 0.001099 0.004437
v -0.000154 0.001155 0.004356
v -0.000154 0.001099 0.004356
v -0.000078 0.001155 0.004302
v -0.000078 0.001099 0.004302
v 0.000013 0.001155 0.004284
v 0.000013 0.001099 0.004284
v 0.000103 0.001155 0.004302
v 0.000103 0.001099 0.004302
v 0.000179 0.001155 0.004356
v 0.000179 0.001099 0.004356
v 0.000231 0.001155 0.004437
v 0.000231 0.001099 0.004437
v 0.000248 0.001155 0.004532
v 0.000248 0.001099 0.004532
v 0.000231 0.001155 0.004627
v 0.000231 0.001099 0.004627
v 0.000179 0.001155 0.004707
v 0.000179 0.001099 0.004707
v 0.000103 0.001155 0.004761
v 0.000103 0.001099 0.004761
v 0.000013 0.001155 0.004780
v 0.000013 0.001099 0.004780
v -0.000078 0.001155 0.004761
v -0.000078 0.001099 0.004761
v 0.000013 0.001155 0.004780
v -0.000154 0.001155 0.004707
v -0.000078 0.001155 0.004761
v -0.000205 0.001155 0.004627
v -0.000223 0.001155 0.004532
v -0.000205 0.001155 0.004437
v -0.000154 0.001155 0.004356
v -0.000078 0.001155 0.004302
v 0.000013 0.001155 0.004284
v 0.000103 0.001155 0.004302
v 0.000179 0.001155 0.004356
v 0.000231 0.001155 0.004437
v 0.000248 0.001155 0.004532
v 0.000231 0.001155 0.004627
v 0.000179 0.001155 0.004707
v 0.000103 0.001155 0.004761
v -0.000078 0.001104 -0.001388
v -0.000154 0.001164 -0.001442
v -0.000154 0.001104 -0.001442
v -0.000078 0.001164 -0.001388
v -0.000205 0.001164 -0.001523
v -0.000205 0.001104 -0.001523
v -0.000223 0.001164 -0.001617
v -0.000223 0.001104 -0.001617
v -0.000205 0.001164 -0.001712
v -0.000205 0.001104 -0.001712
v -0.000154 0.001164 -0.001793
v -0.000154 0.001104 -0.001793
v -0.000078 0.001164 -0.001847
v -0.000078 0.001104 -0.001847
v 0.000013 0.001164 -0.001866
v 0.000013 0.001104 -0.001866
v 0.000103 0.001164 -0.001847
v 0.000103 0.001104 -0.001847
v 0.000179 0.001164 -0.001793
v 0.000179 0.001104 -0.001793
v 0.000231 0.001164 -0.001712
v 0.000231 0.001104 -0.001712
v 0.000248 0.001164 -0.001617
v 0.000248 0.001104 -0.001617
v 0.000231 0.001164 -0.001523
v 0.000231 0.001104 -0.001523
v 0.000179 0.001164 -0.001442
v 0.000179 0.001104 -0.001442
v 0.000103 0.001164 -0.001388
v 0.000103 0.001104 -0.001388
v 0.000013 0.001164 -0.001370
v 0.000013 0.001104 -0.001370
v -0.000078 0.001164 -0.001388
v -0.000078 0.001104 -0.001388
v 0.000013 0.001164 -0.001370
v -0.000154 0.001164 -0.001442
v -0.000078 0.001164 -0.001388
v -0.000205 0.001164 -0.001523
v -0.000223 0.001164 -0.001617
v -0.000205 0.001164 -0.001712
v -0.000154 0.001164 -0.001793
v -0.000078 0.001164 -0.001847
v 0.000013 0.001164 -0.001866
v 0.000103 0.001164 -0.001847
v 0.000179 0.001164 -0.001793
v 0.000231 0.001164 -0.001712
v 0.000248 0.001164 -0.001617
v 0.000231 0.001164 -0.001523
v 0.000179 0.001164 -0.001442
v 0.000103 0.001164 -0.001388
v -0.000095 0.001470 -0.001527
v 0.000013 0.001436 -0.001617
v 0.000013 0.001473 -0.001531
v -0.000080 0.001428 -0.001617
v -0.000110 0.001500 -0.001529
v -0.000130 0.001438 -0.001523
v 0.000013 0.001505 -0.001532
v -0.000092 0.001257 -0.001617
v -0.000129 0.001525 -0.001617
v -0.000160 0.001454 -0.001526
v 0.000013 0.001530 -0.001617
v -0.000178 0.001248 -0.001516
v -0.000144 0.001248 -0.001512
v -0.000067 0.001164 -0.001617
v -0.000105 0.001164 -0.001500
v -0.000154 0.001164 -0.001442
v -0.000205 0.001164 -0.001523
v -0.000180 0.001477 -0.001617
v -0.000200 0.001248 -0.001617
v -0.000223 0.001164 -0.001617
v -0.000110 0.001500 -0.001706
v -0.000160 0.001454 -0.001709
v -0.000178 0.001248 -0.001719
v -0.000205 0.001164 -0.001712
v -0.000154 0.001164 -0.001793
v -0.000144 0.001248 -0.001723
v -0.000105 0.001164 -0.001744
v -0.000092 0.001257 -0.001617
v -0.000067 0.001164 -0.001617
v -0.000080 0.001428 -0.001617
v -0.000130 0.001438 -0.001712
v -0.000095 0.001470 -0.001708
v 0.000013 0.001473 -0.001704
v 0.000013 0.001436 -0.001617
v 0.000013 0.001505 -0.001704
v 0.000013 0.001473 -0.001704
v 0.000105 0.001428 -0.001617
v 0.000120 0.001470 -0.001708
v 0.000013 0.001505 -0.001704
v 0.000155 0.001438 -0.001712
v 0.000135 0.001500 -0.001706
v 0.000154 0.001525 -0.001617
v 0.000185 0.001454 -0.001709
v 0.000169 0.001248 -0.001723
v 0.000117 0.001257 -0.001617
v 0.000013 0.001505 -0.001532
v 0.000130 0.001164 -0.001744
v 0.000092 0.001164 -0.001617
v 0.000179 0.001164 -0.001793
v 0.000203 0.001248 -0.001719
v 0.000231 0.001164 -0.001712
v 0.000248 0.001164 -0.001617
v 0.000225 0.001248 -0.001617
v 0.000231 0.001164 -0.001523
v 0.000205 0.001477 -0.001617
v 0.000203 0.001248 -0.001516
v 0.000179 0.001164 -0.001442
v 0.000185 0.001454 -0.001526
v 0.000135 0.001500 -0.001529
v 0.000013 0.001473 -0.001531
v 0.000155 0.001438 -0.001523
v 0.000120 0.001470 -0.001527
v 0.000105 0.001428 -0.001617
v 0.000117 0.001257 -0.001617
v 0.000169 0.001248 -0.001512
v 0.000092 0.001164 -0.001617
v 0.000130 0.001164 -0.001500
v -0.000086 -0.001336 0.019305
v -0.000168 -0.001294 0.019305
v -0.000234 -0.001229 0.019305
v 0.000005 -0.001350 0.019305
v -0.000276 -0.001147 0.019305
v 0.000096 -0.001336 0.019305
v -0.000290 -0.001055 0.019305
v 0.000178 -0.001294 0.019305
v -0.000276 -0.000964 0.019305
v 0.000244 -0.001229 0.019305
v -0.000234 -0.000882 0.019305
v 0.000286 -0.001147 0.019305
v -0.000168 -0.000817 0.019305
v 0.000300 -0.001055 0.019305
v -0.000086 -0.000775 0.019305
v 0.000286 -0.000964 0.019305
v 0.000005 -0.000760 0.019305
v 0.000244 -0.000882 0.019305
v 0.000096 -0.000775 0.019305
v 0.000178 -0.000817 0.019305
v 0.000003 -0.001065 0.020112
v 0.001994 -0.000836 -0.011705
v 0.002202 -0.000836 -0.011705
v 0.001994 -0.000839 -0.011738
v 0.002202 -0.000839 -0.011738
v 0.001994 -0.000849 -0.011770
v 0.002202 -0.000849 -0.011770
v 0.001994 -0.000865 -0.011799
v 0.002202 -0.000865 -0.011799
v 0.001994 -0.000886 -0.011825
v 0.002202 -0.000886 -0.011825
v 0.001994 -0.000911 -0.011846
v 0.002202 -0.000911 -0.011846
v 0.001994 -0.000941 -0.011861
v 0.002202 -0.000941 -0.011861
v 0.001994 -0.000973 -0.011871
v 0.002202 -0.000973 -0.011871
v 0.001994 -0.001006 -0.011874
v 0.002202 -0.001006 -0.011874
v 0.001994 -0.001039 -0.011871
v 0.002202 -0.001039 -0.011871
v 0.001994 -0.001071 -0.011861
v 0.002202 -0.001071 -0.011861
v 0.001994 -0.001100 -0.011846
v 0.002202 -0.001100 -0.011846
v 0.001994 -0.001126 -0.011825
v 0.002202 -0.001126 -0.011825
v 0.001994 -0.001147 -0.011799
v 0.002202 -0.001147 -0.011799
v 0.001994 -0.001162 -0.011770
v 0.002202 -0.001162 -0.011770
v 0.001994 -0.001172 -0.011738
v 0.002202 -0.001172 -0.011738
v 0.001994 -0.001175 -0.011705
v 0.002202 -0.001175 -0.011705
v 0.001994 -0.001172 -0.011672
v 0.002202 -0.001172 -0.011672
v 0.001994 -0.001162 -0.011640
v 0.002202 -0.001162 -0.011640
v 0.001994 -0.001147 -0.011610
v 0.002202 -0.001147 -0.011610
v 0.001994 -0.001126 -0.011585
v 0.002202 -0.001126 -0.011585
v 0.001994 -0.001100 -0.011564
v 0.002202 -0.001100 -0.011564
v 0.001994 -0.001071 -0.011548
v 0.002202 -0.001071 -0.011548
v 0.001994 -0.001039 -0.011538
v 0.002202 -0.001039 -0.011538
v 0.001994 -0.001006 -0.011535
v 0.002202 -0.001006 -0.011535
v 0.001994 -0.000973 -0.011538
v 0.002202 -0.000973 -0.011538
v 0.001994 -0.000941 -0.011548
v 0.002202 -0.000941 -0.011548
v 0.001994 -0.000911 -0.011564
v 0.002202 -0.000911 -0.011564
v 0.001994 -0.000886 -0.011585
v 0.002202 -0.000886 -0.011585
v 0.001994 -0.000865 -0.011610
v 0.002202 -0.000865 -0.011610
v 0.001994 -0.000849 -0.011640
v 0.002202 -0.000849 -0.011640
v 0.001994 -0.000839 -0.011672
v 0.002202 -0.000839 -0.011672
v -0.002252 -0.000836 -0.011705
v -0.002044 -0.000836 -0.011705
v -0.002252 -0.000839 -0.011738
v -0.002044 -0.000839 -0.011738
v -0.002252 -0.000849 -0.011770
v -0.002044 -0.000849 -0.011770
v -0.002252 -0.000865 -0.011799
v -0.002044 -0.000865 -0.011799
v -0.002252 -0.000886 -0.011825
v -0.002044 -0.000886 -0.011825
v -0.002252 -0.000911 -0.011846
v -0.002044 -0.000911 -0.011846
v -0.002252 -0.000941 -0.011861
v -0.002044 -0.000941 -0.011861
v -0.002252 -0.000973 -0.011871
v -0.002044 -0.000973 -0.011871
v -0.002252 -0.001006 -0.011874
v -0.002044 -0.001006 -0.011874
v -0.002252 -0.001039 -0.011871
v -0.002044 -0.001039 -0.011871
v -0.002252 -0.001071 -0.011861
v -0.002044 -0.001071 -0.011861
v -0.002252 -0.001100 -0.011846
v -0.002044 -0.001100 -0.011846
v -0.002252 -0.001126 -0.011825
v -0.002044 -0.001126 -0.011825
v -0.002252 -0.001147 -0.011799
v -0.002044 -0.001147 -0.011799
v -0.002252 -0.001162 -0.011770
v -0.002044 -0.001162 -0.011770
v -0.002252 -0.001172 -0.011738
v -0.002044 -0.001172 -0.011738
v -0.002252 -0.001175 -0.011705
v -0.002044 -0.001175 -0.011705
v -0.002252 -0.001172 -0.011672
v -0.002044 -0.001172 -0.011672
v -0.002252 -0.001162 -0.011640
v -0.002044 -0.001162 -0.011640
v -0.002252 -0.001147 -0.011610
v -0.002044 -0.001147 -0.011610
v -0.002252 -0.001126 -0.011585
v -0.002044 -0.001126 -0.011585
v -0.002252 -0.001100 -0.011564
v -0.002044 -0.001100 -0.011564
v -0.002252 -0.001071 -0.011548
v -0.002044 -0.001071 -0.011548
v -0.002252 -0.001039 -0.011538
v -0.002044 -0.001039 -0.011538
v -0.002252 -0.001006 -0.011535
v -0.002044 -0.001006 -0.011535
v -0.002252 -0.000973 -0.011538
v -0.002044 -0.000973 -0.011538
v -0.002252 -0.000941 -0.011548
v -0.002044 -0.000941 -0.011548
v -0.002252 -0.000911 -0.011564
v -0.002044 -0.000911 -0.011564
v -0.002252 -0.000886 -0.011585
v -0.002044 -0.000886 -0.011585
v -0.002252 -0.000865 -0.011610
v -0.002044 -0.000865 -0.011610
v -0.002252 -0.000849 -0.011640
v -0.002044 -0.000849 -0.011640
v -0.002252 -0.000839 -0.011672
v -0.002044 -0.000839 -0.011672
v -0.000195 0.001013 -0.011705
v -0.000195 0.001222 -0.011705
v -0.000191 0.001013 -0.011738
v -0.000191 0.001222 -0.011738
v -0.000182 0.001013 -0.011770
v -0.000182 0.001222 -0.011770
v -0.000166 0.001013 -0.011799
v -0.000166 0.001222 -0.011799
v -0.000145 0.001013 -0.011825
v -0.000145 0.001222 -0.011825
v -0.000119 0.001013 -0.011846
v -0.000119 0.001222 -0.011846
v -0.000090 0.001013 -0.011861
v -0.000090 0.001222 -0.011861
v -0.000058 0.001013 -0.011871
v -0.000058 0.001222 -0.011871
v -0.000025 0.001013 -0.011874
v -0.000025 0.001222 -0.011874
v 0.000008 0.001013 -0.011871
v 0.000008 0.001222 -0.011871
v 0.000040 0.001013 -0.011861
v 0.000040 0.001222 -0.011861
v 0.000069 0.001013 -0.011846
v 0.000069 0.001222 -0.011846
v 0.000095 0.001013 -0.011825
v 0.000095 0.001222 -0.011825
v 0.000116 0.001013 -0.011799
v 0.000116 0.001222 -0.011799
v 0.000132 0.001013 -0.011770
v 0.000132 0.001222 -0.011770
v 0.000141 0.001013 -0.011738
v 0.000141 0.001222 -0.011738
v 0.000145 0.001013 -0.011705
v 0.000145 0.001222 -0.011705
v 0.000141 0.001013 -0.011672
v 0.000141 0.001222 -0.011672
v 0.000132 0.001013 -0.011640
v 0.000132 0.001222 -0.011640
v 0.000116 0.001013 -0.011610
v 0.000116 0.001222 -0.011610
v 0.000095 0.001013 -0.011585
v 0.000095 0.001222 -0.011585
v 0.000069 0.001013 -0.011564
v 0.000069 0.001222 -0.011564
v 0.000040 0.001013 -0.011548
v 0.000040 0.001222 -0.011548
v 0.000008 0.001013 -0.011538
v 0.000008 0.001222 -0.011538
v -0.000025 0.001013 -0.011535
v -0.000025 0.001222 -0.011535
v -0.000058 0.001013 -0.011538
v -0.000058 0.001222 -0.011538
v -0.000090 0.001013 -0.011548
v -0.000090 0.001222 -0.011548
v -0.000119 0.001013 -0.011564
v -0.000119 0.001222 -0.011564
v -0.000145 0.001013 -0.011585
v -0.000145 0.001222 -0.011585
v -0.000166 0.001013 -0.011610
v -0.000166 0.001222 -0.011610
v -0.000182 0.001013 -0.011640
v -0.000182 0.001222 -0.011640
v -0.000191 0.001013 -0.011672
v -0.000191 0.001222 -0.011672
v -0.000195 -0.003233 -0.011705
v -0.000195 -0.003025 -0.011705
v -0.000191 -0.003233 -0.011738
v -0.000191 -0.003025 -0.011738
v -0.000182 -0.003233 -0.011770
v -0.000182 -0.003025 -0.011770
v -0.000166 -0.003233 -0.011799
v -0.000166 -0.003025 -0.011799
v -0.000145 -0.003233 -0.011825
v -0.000145 -0.003025 -0.011825
v -0.000119 -0.003233 -0.011846
v -0.000119 -0.003025 -0.011846
v -0.000090 -0.003233 -0.011861
v -0.000090 -0.003025 -0.011861
v -0.000058 -0.003233 -0.011871
v -0.000058 -0.003025 -0.011871
v -0.000025 -0.003233 -0.011874
v -0.000025 -0.003025 -0.011874
v 0.000008 -0.003233 -0.011871
v 0.000008 -0.003025 -0.011871
v 0.000040 -0.003233 -0.011861
v 0.000040 -0.003025 -0.011861
v 0.000069 -0.003233 -0.011846
v 0.000069 -0.003025 -0.011846
v 0.000095 -0.003233 -0.011825
v 0.000095 -0.003025 -0.011825
v 0.000116 -0.003233 -0.011799
v 0.000116 -0.003025 -0.011799
v 0.000132 -0.003233 -0.011770
v 0.000132 -0.003025 -0.011770
v 0.000141 -0.003233 -0.011738
v 0.000141 -0.003025 -0.011738
v 0.000145 -0.003233 -0.011705
v 0.000145 -0.003025 -0.011705
v 0.000141 -0.003233 -0.011672
v 0.000141 -0.003025 -0.011672
v 0.000132 -0.003233 -0.011640
v 0.000132 -0.003025 -0.011640
v 0.000116 -0.003233 -0.011610
v 0.000116 -0.003025 -0.011610
v 0.000095 -0.003233 -0.011585
v 0.000095 -0.003025 -0.011585
v 0.000069 -0.003233 -0.011564
v 0.000069 -0.003025 -0.011564
v 0.000040 -0.003233 -0.011548
v 0.000040 -0.003025 -0.011548
v 0.000008 -0.003233 -0.011538
v 0.000008 -0.003025 -0.011538
v -0.000025 -0.003233 -0.011535
v -0.000025 -0.003025 -0.011535
v -0.000058 -0.003233 -0.011538
v -0.000058 -0.003025 -0.011538
v -0.000090 -0.003233 -0.011548
v -0.000090 -0.003025 -0.011548
v -0.000119 -0.003233 -0.011564
v -0.000119 -0.003025 -0.011564
v -0.000145 -0.003233 -0.011585
v -0.000145 -0.003025 -0.011585
v -0.000166 -0.003233 -0.011610
v -0.000166 -0.003025 -0.011610
v -0.000182 -0.003233 -0.011640
v -0.000182 -0.003025 -0.011640
v -0.000191 -0.003233 -0.011672
v -0.000191 -0.003025 -0.011672
v 0.001283 0.000542 -0.011705
v 0.001430 0.000689 -0.011705
v 0.001285 0.000540 -0.011738
v 0.001432 0.000687 -0.011738
v 0.001292 0.000533 -0.011770
v 0.001439 0.000680 -0.011770
v 0.001303 0.000522 -0.011799
v 0.001450 0.000669 -0.011799
v 0.001318 0.000507 -0.011825
v 0.001465 0.000654 -0.011825
v 0.001336 0.000489 -0.011846
v 0.001483 0.000636 -0.011846
v 0.001357 0.000468 -0.011861
v 0.001504 0.000615 -0.011861
v 0.001379 0.000445 -0.011871
v 0.001526 0.000593 -0.011871
v 0.001403 0.000422 -0.011874
v 0.001550 0.000569 -0.011874
v 0.001426 0.000399 -0.011871
v 0.001573 0.000546 -0.011871
v 0.001449 0.000376 -0.011861
v 0.001596 0.000523 -0.011861
v 0.001469 0.000355 -0.011846
v 0.001616 0.000503 -0.011846
v 0.001487 0.000337 -0.011825
v 0.001635 0.000484 -0.011825
v 0.001502 0.000322 -0.011799
v 0.001650 0.000469 -0.011799
v 0.001513 0.000311 -0.011770
v 0.001661 0.000458 -0.011770
v 0.001520 0.000304 -0.011738
v 0.001667 0.000452 -0.011738
v 0.001523 0.000302 -0.011705
v 0.001670 0.000449 -0.011705
v 0.001520 0.000304 -0.011672
v 0.001667 0.000452 -0.011672
v 0.001513 0.000311 -0.011640
v 0.001661 0.000458 -0.011640
v 0.001502 0.000322 -0.011610
v 0.001650 0.000469 -0.011610
v 0.001487 0.000337 -0.011585
v 0.001635 0.000484 -0.011585
v 0.001469 0.000355 -0.011564
v 0.001616 0.000503 -0.011564
v 0.001449 0.000376 -0.011548
v 0.001596 0.000523 -0.011548
v 0.001426 0.000399 -0.011538
v 0.001573 0.000546 -0.011538
v 0.001403 0.000422 -0.011535
v 0.001550 0.000569 -0.011535
v 0.001379 0.000445 -0.011538
v 0.001526 0.000593 -0.011538
v 0.001357 0.000468 -0.011548
v 0.001504 0.000615 -0.011548
v 0.001336 0.000489 -0.011564
v 0.001483 0.000636 -0.011564
v 0.001318 0.000507 -0.011585
v 0.001465 0.000654 -0.011585
v 0.001303 0.000522 -0.011610
v 0.001450 0.000669 -0.011610
v 0.001292 0.000533 -0.011640
v 0.001439 0.000680 -0.011640
v 0.001285 0.000540 -0.011672
v 0.001432 0.000687 -0.011672
v -0.001720 -0.002460 -0.011705
v -0.001573 -0.002313 -0.011705
v -0.001717 -0.002463 -0.011738
v -0.001570 -0.002316 -0.011738
v -0.001711 -0.002470 -0.011770
v -0.001564 -0.002322 -0.011770
v -0.001700 -0.002481 -0.011799
v -0.001552 -0.002334 -0.011799
v -0.001685 -0.002496 -0.011825
v -0.001538 -0.002348 -0.011825
v -0.001666 -0.002514 -0.011846
v -0.001519 -0.002367 -0.011846
v -0.001646 -0.002535 -0.011861
v -0.001499 -0.002387 -0.011861
v -0.001623 -0.002557 -0.011871
v -0.001476 -0.002410 -0.011871
v -0.001600 -0.002580 -0.011874
v -0.001453 -0.002433 -0.011874
v -0.001576 -0.002604 -0.011871
v -0.001429 -0.002457 -0.011871
v -0.001554 -0.002626 -0.011861
v -0.001407 -0.002479 -0.011861
v -0.001533 -0.002647 -0.011846
v -0.001386 -0.002500 -0.011846
v -0.001515 -0.002665 -0.011825
v -0.001368 -0.002518 -0.011825
v -0.001500 -0.002680 -0.011799
v -0.001353 -0.002533 -0.011799
v -0.001489 -0.002691 -0.011770
v -0.001342 -0.002544 -0.011770
v -0.001482 -0.002698 -0.011738
v -0.001335 -0.002551 -0.011738
v -0.001480 -0.002700 -0.011705
v -0.001333 -0.002553 -0.011705
v -0.001482 -0.002698 -0.011672
v -0.001335 -0.002551 -0.011672
v -0.001489 -0.002691 -0.011640
v -0.001342 -0.002544 -0.011640
v -0.001500 -0.002680 -0.011610
v -0.001353 -0.002533 -0.011610
v -0.001515 -0.002665 -0.011585
v -0.001368 -0.002518 -0.011585
v -0.001533 -0.002647 -0.011564
v -0.001386 -0.002500 -0.011564
v -0.001554 -0.002626 -0.011548
v -0.001407 -0.002479 -0.011548
v -0.001576 -0.002604 -0.011538
v -0.001429 -0.002457 -0.011538
v -0.001600 -0.002580 -0.011535
v -0.001453 -0.002433 -0.011535
v -0.001623 -0.002557 -0.011538
v -0.001476 -0.002410 -0.011538
v -0.001646 -0.002535 -0.011548
v -0.001499 -0.002387 -0.011548
v -0.001666 -0.002514 -0.011564
v -0.001519 -0.002367 -0.011564
v -0.001685 -0.002496 -0.011585
v -0.001538 -0.002348 -0.011585
v -0.001700 -0.002481 -0.011610
v -0.001552 -0.002334 -0.011610
v -0.001711 -0.002470 -0.011640
v -0.001564 -0.002322 -0.011640
v -0.001717 -0.002463 -0.011672
v -0.001570 -0.002316 -0.011672
v -0.001573 0.000302 -0.011705
v -0.001720 0.000449 -0.011705
v -0.001570 0.000304 -0.011738
v -0.001717 0.000452 -0.011738
v -0.001564 0.000311 -0.011770
v -0.001711 0.000458 -0.011770
v -0.001552 0.000322 -0.011799
v -0.001700 0.000469 -0.011799
v -0.001538 0.000337 -0.011825
v -0.001685 0.000484 -0.011825
v -0.001519 0.000355 -0.011846
v -0.001666 0.000503 -0.011846
v -0.001499 0.000376 -0.011861
v -0.001646 0.000523 -0.011861
v -0.001476 0.000399 -0.011871
v -0.001623 0.000546 -0.011871
v -0.001453 0.000422 -0.011874
v -0.001600 0.000569 -0.011874
v -0.001429 0.000445 -0.011871
v -0.001576 0.000593 -0.011871
v -0.001407 0.000468 -0.011861
v -0.001554 0.000615 -0.011861
v -0.001386 0.000489 -0.011846
v -0.001533 0.000636 -0.011846
v -0.001368 0.000507 -0.011825
v -0.001515 0.000654 -0.011825
v -0.001353 0.000522 -0.011799
v -0.001500 0.000669 -0.011799
v -0.001342 0.000533 -0.011770
v -0.001489 0.000680 -0.011770
v -0.001335 0.000540 -0.011738
v -0.001482 0.000687 -0.011738
v -0.001333 0.000542 -0.011705
v -0.001480 0.000689 -0.011705
v -0.001335 0.000540 -0.011672
v -0.001482 0.000687 -0.011672
v -0.001342 0.000533 -0.011640
v -0.001489 0.000680 -0.011640
v -0.001353 0.000522 -0.011610
v -0.001500 0.000669 -0.011610
v -0.001368 0.000507 -0.011585
v -0.001515 0.000654 -0.011585
v -0.001386 0.000489 -0.011564
v -0.001533 0.000636 -0.011564
v -0.001407 0.000468 -0.011548
v -0.001554 0.000615 -0.011548
v -0.001429 0.000445 -0.011538
v -0.001576 0.000593 -0.011538
v -0.001453 0.000422 -0.011535
v -0.001600 0.000569 -0.011535
v -0.001476 0.000399 -0.011538
v -0.001623 0.000546 -0.011538
v -0.001499 0.000376 -0.011548
v -0.001646 0.000523 -0.011548
v -0.001519 0.000355 -0.011564
v -0.001666 0.000503 -0.011564
v -0.001538 0.000337 -0.011585
v -0.001685 0.000484 -0.011585
v -0.001552 0.000322 -0.011610
v -0.001700 0.000469 -0.011610
v -0.001564 0.000311 -0.011640
v -0.001711 0.000458 -0.011640
v -0.001570 0.000304 -0.011672
v -0.001717 0.000452 -0.011672
v 0.001430 -0.002700 -0.011705
v 0.001283 -0.002553 -0.011705
v 0.001432 -0.002698 -0.011738
v 0.001285 -0.002551 -0.011738
v 0.001439 -0.002691 -0.011770
v 0.001292 -0.002544 -0.011770
v 0.001450 -0.002680 -0.011799
v 0.001303 -0.002533 -0.011799
v 0.001465 -0.002665 -0.011825
v 0.001318 -0.002518 -0.011825
v 0.001483 -0.002647 -0.011846
v 0.001336 -0.002500 -0.011846
v 0.001504 -0.002626 -0.011861
v 0.001357 -0.002479 -0.011861
v 0.001526 -0.002604 -0.011871
v 0.001379 -0.002457 -0.011871
v 0.001550 -0.002580 -0.011874
v 0.001403 -0.002433 -0.011874
v 0.001573 -0.002557 -0.011871
v 0.001426 -0.002410 -0.011871
v 0.001596 -0.002535 -0.011861
v 0.001449 -0.002387 -0.011861
v 0.001616 -0.002514 -0.011846
v 0.001469 -0.002367 -0.011846
v 0.001635 -0.002496 -0.011825
v 0.001487 -0.002348 -0.011825
v 0.001650 -0.002481 -0.011799
v 0.001502 -0.002334 -0.011799
v 0.001661 -0.002470 -0.011770
v 0.001513 -0.002322 -0.011770
v 0.001667 -0.002463 -0.011738
v 0.001520 -0.002316 -0.011738
v 0.001670 -0.002460 -0.011705
v 0.001523 -0.002313 -0.011705
v 0.001667 -0.002463 -0.011672
v 0.001520 -0.002316 -0.011672
v 0.001661 -0.002470 -0.011640
v 0.001513 -0.002322 -0.011640
v 0.001650 -0.002481 -0.011610
v 0.001502 -0.002334 -0.011610
v 0.001635 -0.002496 -0.011585
v 0.001487 -0.002348 -0.011585
v 0.001616 -0.002514 -0.011564
v 0.001469 -0.002367 -0.011564
v 0.001596 -0.002535 -0.011548
v 0.001449 -0.002387 -0.011548
v 0.001573 -0.002557 -0.011538
v 0.001426 -0.002410 -0.011538
v 0.001550 -0.002580 -0.011535
v 0.001403 -0.002433 -0.011535
v 0.001526 -0.002604 -0.011538
v 0.001379 -0.002457 -0.011538
v 0.001504 -0.002626 -0.011548
v 0.001357 -0.002479 -0.011548
v 0.001483 -0.002647 -0.011564
v 0.001336 -0.002500 -0.011564
v 0.001465 -0.002665 -0.011585
v 0.001318 -0.002518 -0.011585
v 0.001450 -0.002680 -0.011610
v 0.001303 -0.002533 -0.011610
v 0.001439 -0.002691 -0.011640
v 0.001292 -0.002544 -0.011640
v 0.001432 -0.002698 -0.011672
v 0.001285 -0.002551 -0.011672
v 0.001994 -0.000836 -0.002582
v 0.002202 -0.000836 -0.002582
v 0.001994 -0.000839 -0.002616
v 0.002202 -0.000839 -0.002616
v 0.001994 -0.000849 -0.002647
v 0.002202 -0.000849 -0.002647
v 0.001994 -0.000865 -0.002677
v 0.002202 -0.000865 -0.002677
v 0.001994 -0.000886 -0.002702
v 0.002202 -0.000886 -0.002702
v 0.001994 -0.000911 -0.002723
v 0.002202 -0.000911 -0.002723
v 0.001994 -0.000941 -0.002739
v 0.002202 -0.000941 -0.002739
v 0.001994 -0.000973 -0.002749
v 0.002202 -0.000973 -0.002749
v 0.001994 -0.001006 -0.002752
v 0.002202 -0.001006 -0.002752
v 0.001994 -0.001039 -0.002749
v 0.002202 -0.001039 -0.002749
v 0.001994 -0.001071 -0.002739
v 0.002202 -0.001071 -0.002739
v 0.001994 -0.001100 -0.002723
v 0.002202 -0.001100 -0.002723
v 0.001994 -0.001126 -0.002702
v 0.002202 -0.001126 -0.002702
v 0.001994 -0.001147 -0.002677
v 0.002202 -0.001147 -0.002677
v 0.001994 -0.001162 -0.002647
v 0.002202 -0.001162 -0.002647
v 0.001994 -0.001172 -0.002616
v 0.002202 -0.001172 -0.002616
v 0.001994 -0.001175 -0.002582
v 0.002202 -0.001175 -0.002582
v 0.001994 -0.001172 -0.002549
v 0.002202 -0.001172 -0.002549
v 0.001994 -0.001162 -0.002518
v 0.002202 -0.001162 -0.002518
v 0.001994 -0.001147 -0.002488
v 0.002202 -0.001147 -0.002488
v 0.001994 -0.001126 -0.002462
v 0.002202 -0.001126 -0.002462
v 0.001994 -0.001100 -0.002441
v 0.002202 -0.001100 -0.002441
v 0.001994 -0.001071 -0.002426
v 0.002202 -0.001071 -0.002426
v 0.001994 -0.001039 -0.002416
v 0.002202 -0.001039 -0.002416
v 0.001994 -0.001006 -0.002413
v 0.002202 -0.001006 -0.002413
v 0.001994 -0.000973 -0.002416
v 0.002202 -0.000973 -0.002416
v 0.001994 -0.000941 -0.002426
v 0.002202 -0.000941 -0.002426
v 0.001994 -0.000911 -0.002441
v 0.002202 -0.000911 -0.002441
v 0.001994 -0.000886 -0.002462
v 0.002202 -0.000886 -0.002462
v 0.001994 -0.000865 -0.002488
v 0.002202 -0.000865 -0.002488
v 0.001994 -0.000849 -0.002518
v 0.002202 -0.000849 -0.002518
v 0.001994 -0.000839 -0.002549
v 0.002202 -0.000839 -0.002549
v -0.002252 -0.000836 -0.002582
v -0.002044 -0.000836 -0.002582
v -0.002252 -0.000839 -0.002616
v -0.002044 -0.000839 -0.002616
v -0.002252 -0.000849 -0.002647
v -0.002044 -0.000849 -0.002647
v -0.002252 -0.000865 -0.002677
v -0.002044 -0.000865 -0.002677
v -0.002252 -0.000886 -0.002702
v -0.002044 -0.000886 -0.002702
v -0.002252 -0.000911 -0.002723
v -0.002044 -0.000911 -0.002723
v -0.002252 -0.000941 -0.002739
v -0.002044 -0.000941 -0.002739
v -0.002252 -0.000973 -0.002749
v -0.002044 -0.000973 -0.002749
v -0.002252 -0.001006 -0.002752
v -0.002044 -0.001006 -0.002752
v -0.002252 -0.001039 -0.002749
v -0.002044 -0.001039 -0.002749
v -0.002252 -0.001071 -0.002739
v -0.002044 -0.001071 -0.002739
v -0.002252 -0.001100 -0.002723
v -0.002044 -0.001100 -0.002723
v -0.002252 -0.001126 -0.002702
v -0.002044 -0.001126 -0.002702
v -0.002252 -0.001147 -0.002677
v -0.002044 -0.001147 -0.002677
v -0.002252 -0.001162 -0.002647
v -0.002044 -0.001162 -0.002647
v -0.002252 -0.001172 -0.002616
v -0.002044 -0.001172 -0.002616
v -0.002252 -0.001175 -0.002582
v -0.002044 -0.001175 -0.002582
v -0.002252 -0.001172 -0.002549
v -0.002044 -0.001172 -0.002549
v -0.002252 -0.001162 -0.002518
v -0.002044 -0.001162 -0.002518
v -0.002252 -0.001147 -0.002488
v -0.002044 -0.001147 -0.002488
v -0.002252 -0.001126 -0.002462
v -0.002044 -0.001126 -0.002462
v -0.002252 -0.001100 -0.002441
v -0.002044 -0.001100 -0.002441
v -0.002252 -0.001071 -0.002426
v -0.002044 -0.001071 -0.002426
v -0.002252 -0.001039 -0.002416
v -0.002044 -0.001039 -0.002416
v -0.002252 -0.001006 -0.002413
v -0.002044 -0.001006 -0.002413
v -0.002252 -0.000973 -0.002416
v -0.002044 -0.000973 -0.002416
v -0.002252 -0.000941 -0.002426
v -0.002044 -0.000941 -0.002426
v -0.002252 -0.000911 -0.002441
v -0.002044 -0.000911 -0.002441
v -0.002252 -0.000886 -0.002462
v -0.002044 -0.000886 -0.002462
v -0.002252 -0.000865 -0.002488
v -0.002044 -0.000865 -0.002488
v -0.002252 -0.000849 -0.002518
v -0.002044 -0.000849 -0.002518
v -0.002252 -0.000839 -0.002549
v -0.002044 -0.000839 -0.002549
v -0.000195 0.001013 -0.002582
v -0.000195 0.001222 -0.002582
v -0.000191 0.001013 -0.002616
v -0.000191 0.001222 -0.002616
v -0.000182 0.001013 -0.002647
v -0.000182 0.001222 -0.002647
v -0.000166 0.001013 -0.002677
v -0.000166 0.001222 -0.002677
v -0.000145 0.001013 -0.002702
v -0.000145 0.001222 -0.002702
v -0.000119 0.001013 -0.002723
v -0.000119 0.001222 -0.002723
v -0.000090 0.001013 -0.002739
v -0.000090 0.001222 -0.002739
v -0.000058 0.001013 -0.002749
v -0.000058 0.001222 -0.002749
v -0.000025 0.001013 -0.002752
v -0.000025 0.001222 -0.002752
v 0.000008 0.001013 -0.002749
v 0.000008 0.001222 -0.002749
v 0.000040 0.001013 -0.002739
v 0.000040 0.001222 -0.002739
v 0.000069 0.001013 -0.002723
v 0.000069 0.001222 -0.002723
v 0.000095 0.001013 -0.002702
v 0.000095 0.001222 -0.002702
v 0.000116 0.001013 -0.002677
v 0.000116 0.001222 -0.002677
v 0.000132 0.001013 -0.002647
v 0.000132 0.001222 -0.002647
v 0.000141 0.001013 -0.002616
v 0.000141 0.001222 -0.002616
v 0.000145 0.001013 -0.002582
v 0.000145 0.001222 -0.002582
v 0.000141 0.001013 -0.002549
v 0.000141 0.001222 -0.002549
v 0.000132 0.001013 -0.002518
v 0.000132 0.001222 -0.002518
v 0.000116 0.001013 -0.002488
v 0.000116 0.001222 -0.002488
v 0.000095 0.001013 -0.002462
v 0.000095 0.001222 -0.002462
v 0.000069 0.001013 -0.002441
v 0.000069 0.001222 -0.002441
v 0.000040 0.001013 -0.002426
v 0.000040 0.001222 -0.002426
v 0.000008 0.001013 -0.002416
v 0.000008 0.001222 -0.002416
v -0.000025 0.001013 -0.002413
v -0.000025 0.001222 -0.002413
v -0.000058 0.001013 -0.002416
v -0.000058 0.001222 -0.002416
v -0.000090 0.001013 -0.002426
v -0.000090 0.001222 -0.002426
v -0.000119 0.001013 -0.002441
v -0.000119 0.001222 -0.002441
v -0.000145 0.001013 -0.002462
v -0.000145 0.001222 -0.002462
v -0.000166 0.001013 -0.002488
v -0.000166 0.001222 -0.002488
v -0.000182 0.001013 -0.002518
v -0.000182 0.001222 -0.002518
v -0.000191 0.001013 -0.002549
v -0.000191 0.001222 -0.002549
v -0.000195 -0.003233 -0.002582
v -0.000195 -0.003025 -0.002582
v -0.000191 -0.003233 -0.002616
v -0.000191 -0.003025 -0.002616
v -0.000182 -0.003233 -0.002647
v -0.000182 -0.003025 -0.002647
v -0.000166 -0.003233 -0.002677
v -0.000166 -0.003025 -0.002677
v -0.000145 -0.003233 -0.002702
v -0.000145 -0.003025 -0.002702
v -0.000119 -0.003233 -0.002723
v -0.000119 -0.003025 -0.002723
v -0.000090 -0.003233 -0.002739
v -0.000090 -0.003025 -0.002739
v -0.000058 -0.003233 -0.002749
v -0.000058 -0.003025 -0.002749
v -0.000025 -0.003233 -0.002752
v -0.000025 -0.003025 -0.002752
v 0.000008 -0.003233 -0.002749
v 0.000008 -0.003025 -0.002749
v 0.000040 -0.003233 -0.002739
v 0.000040 -0.003025 -0.002739
v 0.000069 -0.003233 -0.002723
v 0.000069 -0.003025 -0.002723
v 0.000095 -0.003233 -0.002702
v 0.000095 -0.003025 -0.002702
v 0.000116 -0.003233 -0.002677
v 0.000116 -0.003025 -0.002677
v 0.000132 -0.003233 -0.002647
v 0.000132 -0.003025 -0.002647
v 0.000141 -0.003233 -0.002616
v 0.000141 -0.003025 -0.002616
v 0.000145 -0.003233 -0.002582
v 0.000145 -0.003025 -0.002582
v 0.000141 -0.003233 -0.002549
v 0.000141 -0.003025 -0.002549
v 0.000132 -0.003233 -0.002518
v 0.000132 -0.003025 -0.002518
v 0.000116 -0.003233 -0.002488
v 0.000116 -0.003025 -0.002488
v 0.000095 -0.003233 -0.002462
v 0.000095 -0.003025 -0.002462
v 0.000069 -0.003233 -0.002441
v 0.000069 -0.003025 -0.002441
v 0.000040 -0.003233 -0.002426
v 0.000040 -0.003025 -0.002426
v 0.000008 -0.003233 -0.002416
v 0.000008 -0.003025 -0.002416
v -0.000025 -0.003233 -0.002413
v -0.000025 -0.003025 -0.002413
v -0.000058 -0.003233 -0.002416
v -0.000058 -0.003025 -0.002416
v -0.000090 -0.003233 -0.002426
v -0.000090 -0.003025 -0.002426
v -0.000119 -0.003233 -0.002441
v -0.000119 -0.003025 -0.002441
v -0.000145 -0.003233 -0.002462
v -0.000145 -0.003025 -0.002462
v -0.000166 -0.003233 -0.002488
v -0.000166 -0.003025 -0.002488
v -0.000182 -0.003233 -0.002518
v -0.000182 -0.003025 -0.002518
v -0.000191 -0.003233 -0.002549
v -0.000191 -0.003025 -0.002549
v 0.001283 0.000542 -0.002582
v 0.001430 0.000689 -0.002582
v 0.001285 0.000540 -0.002616
v 0.001432 0.000687 -0.002616
v 0.001292 0.000533 -0.002647
v 0.001439 0.000680 -0.002647
v 0.001303 0.000522 -0.002677
v 0.001450 0.000669 -0.002677
v 0.001318 0.000507 -0.002702
v 0.001465 0.000654 -0.002702
v 0.001336 0.000489 -0.002723
v 0.001483 0.000636 -0.002723
v 0.001357 0.000468 -0.002739
v 0.001504 0.000615 -0.002739
v 0.001379 0.000445 -0.002749
v 0.001526 0.000593 -0.002749
v 0.001403 0.000422 -0.002752
v 0.001550 0.000569 -0.002752
v 0.001426 0.000399 -0.002749
v 0.001573 0.000546 -0.002749
v 0.001449 0.000376 -0.002739
v 0.001596 0.000523 -0.002739
v 0.001469 0.000355 -0.002723
v 0.001616 0.000503 -0.002723
v 0.001487 0.000337 -0.002702
v 0.001635 0.000484 -0.002702
v 0.001502 0.000322 -0.002677
v 0.001650 0.000469 -0.002677
v 0.001513 0.000311 -0.002647
v 0.001661 0.000458 -0.002647
v 0.001520 0.000304 -0.002616
v 0.001667 0.000452 -0.002616
v 0.001523 0.000302 -0.002582
v 0.001670 0.000449 -0.002582
v 0.001520 0.000304 -0.002549
v 0.001667 0.000452 -0.002549
v 0.001513 0.000311 -0.002518
v 0.001661 0.000458 -0.002518
v 0.001502 0.000322 -0.002488
v 0.001650 0.000469 -0.002488
v 0.001487 0.000337 -0.002462
v 0.001635 0.000484 -0.002462
v 0.001469 0.000355 -0.002441
v 0.001616 0.000503 -0.002441
v 0.001449 0.000376 -0.002426
v 0.001596 0.000523 -0.002426
v 0.001426 0.000399 -0.002416
v 0.001573 0.000546 -0.002416
v 0.001403 0.000422 -0.002413
v 0.001550 0.000569 -0.002413
v 0.001379 0.000445 -0.002416
v 0.001526 0.000593 -0.002416
v 0.001357 0.000468 -0.002426
v 0.001504 0.000615 -0.002426
v 0.001336 0.000489 -0.002441
v 0.001483 0.000636 -0.002441
v 0.001318 0.000507 -0.002462
v 0.001465 0.000654 -0.002462
v 0.001303 0.000522 -0.002488
v 0.001450 0.000669 -0.002488
v 0.001292 0.000533 -0.002518
v 0.001439 0.000680 -0.002518
v 0.001285 0.000540 -0.002549
v 0.001432 0.000687 -0.002549
v -0.001720 -0.002460 -0.002582
v -0.001573 -0.002313 -0.002582
v -0.001717 -0.002463 -0.002616
v -0.001570 -0.002316 -0.002616
v -0.001711 -0.002470 -0.002647
v -0.001564 -0.002322 -0.002647
v -0.001700 -0.002481 -0.002677
v -0.001552 -0.002334 -0.002677
v -0.001685 -0.002496 -0.002702
v -0.001538 -0.002348 -0.002702
v -0.001666 -0.002514 -0.002723
v -0.001519 -0.002367 -0.002723
v -0.001646 -0.002535 -0.002739
v -0.001499 -0.002387 -0.002739
v -0.001623 -0.002557 -0.002749
v -0.001476 -0.002410 -0.002749
v -0.001600 -0.002580 -0.002752
v -0.001453 -0.002433 -0.002752
v -0.001576 -0.002604 -0.002749
v -0.001429 -0.002457 -0.002749
v -0.001554 -0.002626 -0.002739
v -0.001407 -0.002479 -0.002739
v -0.001533 -0.002647 -0.002723
v -0.001386 -0.002500 -0.002723
v -0.001515 -0.002665 -0.002702
v -0.001368 -0.002518 -0.002702
v -0.001500 -0.002680 -0.002677
v -0.001353 -0.002533 -0.002677
v -0.001489 -0.002691 -0.002647
v -0.001342 -0.002544 -0.002647
v -0.001482 -0.002698 -0.002616
v -0.001335 -0.002551 -0.002616
v -0.001480 -0.002700 -0.002582
v -0.001333 -0.002553 -0.002582
v -0.001482 -0.002698 -0.002549
v -0.001335 -0.002551 -0.002549
v -0.001489 -0.002691 -0.002518
v -0.001342 -0.002544 -0.002518
v -0.001500 -0.002680 -0.002488
v -0.001353 -0.002533 -0.002488
v -0.001515 -0.002665 -0.002462
v -0.001368 -0.002518 -0.002462
v -0.001533 -0.002647 -0.002441
v -0.001386 -0.002500 -0.002441
v -0.001554 -0.002626 -0.002426
v -0.001407 -0.002479 -0.002426
v -0.001576 -0.002604 -0.002416
v -0.001429 -0.002457 -0.002416
v -0.001600 -0.002580 -0.002413
v -0.001453 -0.002433 -0.002413
v -0.001623 -0.002557 -0.002416
v -0.001476 -0.002410 -0.002416
v -0.001646 -0.002535 -0.002426
v -0.001499 -0.002387 -0.002426
v -0.001666 -0.002514 -0.002441
v -0.001519 -0.002367 -0.002441
v -0.001685 -0.002496 -0.002462
v -0.001538 -0.002348 -0.002462
v -0.001700 -0.002481 -0.002488
v -0.001552 -0.002334 -0.002488
v -0.001711 -0.002470 -0.002518
v -0.001564 -0.002322 -0.002518
v -0.001717 -0.002463 -0.002549
v -0.001570 -0.002316 -0.002549
v -0.001573 0.000302 -0.002582
v -0.001720 0.000449 -0.002582
v -0.001570 0.000304 -0.002616
v -0.001717 0.000452 -0.002616
v -0.001564 0.000311 -0.002647
v -0.001711 0.000458 -0.002647
v -0.001552 0.000322 -0.002677
v -0.001700 0.000469 -0.002677
v -0.001538 0.000337 -0.002702
v -0.001685 0.000484 -0.002702
v -0.001519 0.000355 -0.002723
v -0.001666 0.000503 -0.002723
v -0.001499 0.000376 -0.002739
v -0.001646 0.000523 -0.002739
v -0.001476 0.000399 -0.002749
v -0.001623 0.000546 -0.002749
v -0.001453 0.000422 -0.002752
v -0.001600 0.000569 -0.002752
v -0.001429 0.000445 -0.002749
v -0.001576 0.000593 -0.002749
v -0.001407 0.000468 -0.002739
v -0.001554 0.000615 -0.002739
v -0.001386 0.000489 -0.002723
v -0.001533 0.000636 -0.002723
v -0.001368 0.000507 -0.002702
v -0.001515 0.000654 -0.002702
v -0.001353 0.000522 -0.002677
v -0.001500 0.000669 -0.002677
v -0.001342 0.000533 -0.002647
v -0.001489 0.000680 -0.002647
v -0.001335 0.000540 -0.002616
v -0.001482 0.000687 -0.002616
v -0.001333 0.000542 -0.002582
v -0.001480 0.000689 -0.002582
v -0.001335 0.000540 -0.002549
v -0.001482 0.000687 -0.002549
v -0.001342 0.000533 -0.002518
v -0.001489 0.000680 -0.002518
v -0.001353 0.000522 -0.002488
v -0.001500 0.000669 -0.002488
v -0.001368 0.000507 -0.002462
v -0.001515 0.000654 -0.002462
v -0.001386 0.000489 -0.002441
v -0.001533 0.000636 -0.002441
v -0.001407 0.000468 -0.002426
v -0.001554 0.000615 -0.002426
v -0.001429 0.000445 -0.002416
v -0.001576 0.000593 -0.002416
v -0.001453 0.000422 -0.002413
v -0.001600 0.000569 -0.002413
v -0.001476 0.000399 -0.002416
v -0.001623 0.000546 -0.002416
v -0.001499 0.000376 -0.002426
v -0.001646 0.000523 -0.002426
v -0.001519 0.000355 -0.002441
v -0.001666 0.000503 -0.002441
v -0.001538 0.000337 -0.002462
v -0.001685 0.000484 -0.002462
v -0.001552 0.000322 -0.002488
v -0.001700 0.000469 -0.002488
v -0.001564 0.000311 -0.002518
v -0.001711 0.000458 -0.002518
v -0.001570 0.000304 -0.002549
v -0.001717 0.000452 -0.002549
v 0.001430 -0.002700 -0.002582
v 0.001283 -0.002553 -0.002582
v 0.001432 -0.002698 -0.002616
v 0.001285 -0.002551 -0.002616
v 0.001439 -0.002691 -0.002647
v 0.001292 -0.002544 -0.002647
v 0.001450 -0.002680 -0.002677
v 0.001303 -0.002533 -0.002677
v 0.001465 -0.002665 -0.002702
v 0.001318 -0.002518 -0.002702
v 0.001483 -0.002647 -0.002723
v 0.001336 -0.002500 -0.002723
v 0.001504 -0.002626 -0.002739
v 0.001357 -0.002479 -0.002739
v 0.001526 -0.002604 -0.002749
v 0.001379 -0.002457 -0.002749
v 0.001550 -0.002580 -0.002752
v 0.001403 -0.002433 -0.002752
v 0.001573 -0.002557 -0.002749
v 0.001426 -0.002410 -0.002749
v 0.001596 -0.002535 -0.002739
v 0.001449 -0.002387 -0.002739
v 0.001616 -0.002514 -0.002723
v 0.001469 -0.002367 -0.002723
v 0.001635 -0.002496 -0.002702
v 0.001487 -0.002348 -0.002702
v 0.001650 -0.002481 -0.002677
v 0.001502 -0.002334 -0.002677
v 0.001661 -0.002470 -0.002647
v 0.001513 -0.002322 -0.002647
v 0.001667 -0.002463 -0.002616
v 0.001520 -0.002316 -0.002616
v 0.001670 -0.002460 -0.002582
v 0.001523 -0.002313 -0.002582
v 0.001667 -0.002463 -0.002549
v 0.001520 -0.002316 -0.002549
v 0.001661 -0.002470 -0.002518
v 0.001513 -0.002322 -0.002518
v 0.001650 -0.002481 -0.002488
v 0.001502 -0.002334 -0.002488
v 0.001635 -0.002496 -0.002462
v 0.001487 -0.002348 -0.002462
v 0.001616 -0.002514 -0.002441
v 0.001469 -0.002367 -0.002441
v 0.001596 -0.002535 -0.002426
v 0.001449 -0.002387 -0.002426
v 0.001573 -0.002557 -0.002416
v 0.001426 -0.002410 -0.002416
v 0.001550 -0.002580 -0.002413
v 0.001403 -0.002433 -0.002413
v 0.001526 -0.002604 -0.002416
v 0.001379 -0.002457 -0.002416
v 0.001504 -0.002626 -0.002426
v 0.001357 -0.002479 -0.002426
v 0.001483 -0.002647 -0.002441
v 0.001336 -0.002500 -0.002441
v 0.001465 -0.002665 -0.002462
v 0.001318 -0.002518 -0.002462
v 0.001450 -0.002680 -0.002488
v 0.001303 -0.002533 -0.002488
v 0.001439 -0.002691 -0.002518
v 0.001292 -0.002544 -0.002518
v 0.001432 -0.002698 -0.002549
v 0.001285 -0.002551 -0.002549
vn -0.8091 0.5877 -0.0000
vn -0.8911 0.4538 -0.0000
vn -0.5877 0.8091 -0.0000
vn -0.3091 0.9510 -0.0000
vn -0.0000 1.0000 -0.0000
vn 0.3091 0.9510 -0.0000
vn 0.5877 0.8091 -0.0000
vn 0.8091 0.5877 -0.0000
vn 0.9510 0.3091 -0.0000
vn 1.0000 -0.0000 -0.0000
vn 0.9511 -0.3090 -0.0000
vn 0.9511 -0.3089 -0.0000
vn 0.8090 -0.5878 -0.0000
vn 0.5875 -0.8092 -0.0000
vn 0.3091 -0.9510 -0.0000
vn -0.0000 -1.0000 -0.0000
vn -0.3091 -0.9510 -0.0000
vn -0.5875 -0.8092 -0.0000
vn -0.8090 -0.5878 -0.0000
vn -0.9511 -0.3090 -0.0000
vn -1.0000 -0.0000 -0.0000
vn -0.9876 0.1568 -0.0000
vn -0.3543 -0.9349 0.0219
vn -0.3587 -0.9327 -0.0365
vn -0.3117 -0.8929 0.3249
vn -0.3081 -0.8950 0.3226
vn -0.3102 -0.8938 0.3239
vn -0.3066 -0.8959 0.3216
vn -0.3713 -0.8669 -0.3327
vn -0.3712 -0.8669 -0.3327
vn 0.0796 0.0520 0.9955
vn 0.0848 0.0431 0.9955
vn 0.0797 0.0520 0.9955
vn 0.0903 0.0294 0.9955
vn 0.0939 0.0148 0.9955
vn 0.0949 0.0001 0.9955
vn 0.0939 -0.0149 0.9955
vn 0.0903 -0.0293 0.9955
vn 0.0887 -0.0337 0.9955
vn 0.0886 -0.0337 0.9955
vn -0.1270 -0.5551 0.8220
vn -0.1269 -0.5553 0.8219
vn -0.1269 -0.5552 0.8219
vn -0.1268 -0.5554 0.8219
vn -0.5471 0.8370 0.0008
vn -0.5498 0.8348 -0.0285
vn -0.4918 0.8072 0.3264
vn -0.4940 0.8063 0.3255
vn -0.4928 0.8068 0.3260
vn -0.4949 0.8059 0.3251
vn -0.5487 0.7676 -0.3313
vn -0.5466 0.7695 -0.3303
vn -0.5478 0.7684 -0.3309
vn -0.5456 0.7704 -0.3298
vn -0.0981 0.0374 -0.9945
vn -0.0999 0.0324 -0.9945
vn -0.0982 0.0374 -0.9945
vn -0.1000 0.0325 -0.9945
vn -0.1042 0.0164 -0.9944
vn -0.1053 0.0054 -0.9944
vn -0.1052 0.0054 -0.9944
vn -0.2427 -0.3729 -0.8956
vn -0.2509 -0.3739 -0.8929
vn -0.2468 -0.3734 -0.8942
vn -0.2550 -0.3744 -0.8915
vn -0.1052 -0.0052 -0.9944
vn -0.1041 -0.0166 -0.9944
vn -0.1053 -0.0052 -0.9944
vn -0.1001 -0.0324 -0.9945
vn -0.0938 -0.0478 -0.9944
vn -0.0940 -0.0478 -0.9944
vn -0.0884 -0.0577 -0.9944
vn -0.0883 -0.0577 -0.9944
vn -0.3210 0.3176 -0.8922
vn -0.3216 0.3166 -0.8924
vn -0.3213 0.3171 -0.8923
vn -0.3218 0.3161 -0.8925
vn -0.1244 0.3512 0.9280
vn -0.1237 0.3512 0.9281
vn -0.1241 0.3512 0.9280
vn -0.1234 0.3512 0.9281
vn -0.0000 -0.0000 -1.0000
vn 0.1534 -0.1534 -0.9762
vn 0.2995 -0.2995 -0.9059
vn 0.6638 -0.6638 -0.3446
vn 0.6962 -0.6962 -0.1750
vn 0.7003 -0.7002 0.1389
vn 0.7002 -0.7003 0.1389
vn 0.6808 -0.6790 0.2749
vn 0.6810 -0.6788 0.2748
vn 0.4655 -0.4640 0.7537
vn 0.4654 -0.4640 0.7537
vn 0.4640 -0.4655 0.7537
vn -0.7081 -0.7061 -0.0000
vn -0.7072 -0.7071 -0.0000
vn -0.7071 -0.7071 -0.0000
vn 0.7071 0.7071 -0.0000
vn -0.0000 -0.0001 -1.0000
vn -0.1534 -0.1534 -0.9762
vn -0.2995 -0.2995 -0.9059
vn -0.6638 -0.6638 -0.3446
vn -0.6962 -0.6962 -0.1750
vn -0.7003 -0.7002 0.1388
vn -0.7003 -0.7003 0.1387
vn -0.6807 -0.6789 0.2751
vn -0.6809 -0.6787 0.2752
vn -0.4655 -0.4640 0.7537
vn -0.4640 -0.4654 0.7537
vn -0.4640 -0.4655 0.7537
vn -0.7071 0.7071 -0.0000
vn 0.7071 -0.7071 -0.0000
vn 0.7081 -0.7061 -0.0000
vn -0.1534 0.1534 -0.9762
vn -0.2995 0.2995 -0.9059
vn -0.6638 0.6638 -0.3446
vn -0.6962 0.6962 -0.1750
vn -0.7004 0.7001 0.1389
vn -0.7002 0.7003 0.1389
vn -0.6817 0.6781 0.2746
vn -0.6821 0.6778 0.2744
vn -0.4662 0.4633 0.7537
vn -0.4640 0.4654 0.7537
vn -0.4640 0.4655 0.7537
vn 0.1534 0.1534 -0.9762
vn 0.2995 0.2995 -0.9059
vn 0.6638 0.6638 -0.3446
vn 0.6962 0.6962 -0.1750
vn 0.7005 0.7001 0.1386
vn 0.7003 0.7003 0.1386
vn 0.6816 0.6780 0.2751
vn 0.6819 0.6777 0.2752
vn 0.4662 0.4633 0.7537
vn 0.4640 0.4654 0.7537
vn 0.2669 0.9633 0.0301
vn 0.1490 -0.0129 -0.9887
vn 0.1519 -0.0028 -0.9884
vn 0.1510 -0.0041 -0.9885
vn 0.1479 -0.0000 -0.9890
vn 0.1471 -0.0000 -0.9891
vn 0.1510 0.0041 -0.9885
vn 0.1519 0.0028 -0.9884
vn 0.1491 0.0129 -0.9887
vn -0.1527 -0.0003 0.9883
vn -0.1465 0.0115 0.9892
vn -0.1524 -0.0005 0.9883
vn -0.1467 0.0135 0.9891
vn -0.1575 -0.0000 0.9875
vn -0.1596 -0.0000 0.9872
vn -0.1467 -0.0136 0.9891
vn -0.1464 -0.0114 0.9892
vn -0.1524 0.0005 0.9883
vn -0.1527 0.0003 0.9883
vn -0.9563 0.2718 -0.1078
vn -0.9800 0.1668 -0.1084
vn -0.9571 0.2692 -0.1073
vn -0.9807 0.1637 -0.1074
vn -0.9942 -0.0000 -0.1077
vn -0.9943 -0.0000 -0.1062
vn -0.9806 -0.1638 -0.1074
vn -0.9800 -0.1669 -0.1084
vn -0.9570 -0.2693 -0.1073
vn -0.9563 -0.2719 -0.1078
vn 0.2643 -0.9640 0.0298
vn -0.4540 -0.8910 -0.0003
vn -0.4541 -0.8910 0.0009
vn -0.3090 -0.9511 -0.0004
vn -0.4539 -0.8911 0.0049
vn -0.5878 -0.8090 0.0010
vn -0.3091 -0.9510 0.0009
vn -0.5877 -0.8090 0.0047
vn -0.3089 -0.9511 0.0049
vn -0.5878 -0.8090 -0.0002
vn -0.5877 -0.8089 0.0147
vn -0.5877 -0.8091 0.0020
vn -0.4538 -0.8910 0.0151
vn -0.1564 -0.9877 -0.0004
vn -0.4537 -0.8912 0.0014
vn -0.5880 -0.8088 0.0033
vn -0.4546 -0.8907 0.0020
vn -0.7073 -0.7069 0.0044
vn -0.3090 -0.9511 0.0007
vn -0.3093 -0.9510 0.0005
vn -0.7068 -0.7074 0.0026
vn -0.8091 -0.5877 0.0054
vn -0.7072 -0.7070 0.0011
vn -0.8090 -0.5878 0.0030
vn -0.8911 -0.4539 0.0061
vn -0.8909 -0.4541 0.0033
vn -0.9511 -0.3089 0.0065
vn -0.8091 -0.5877 0.0013
vn -0.7070 -0.7072 -0.0001
vn -0.7071 -0.7071 0.0046
vn -0.9510 -0.3091 0.0035
vn -0.9877 -0.1562 0.0067
vn -0.8910 -0.4540 0.0014
vn -0.8090 -0.5879 0.0001
vn -0.8091 -0.5877 0.0045
vn -0.9877 -0.1564 0.0035
vn -1.0000 -0.0000 0.0066
vn -0.9511 -0.3090 0.0015
vn -0.8910 -0.4540 0.0003
vn -0.8910 -0.4540 0.0043
vn -1.0000 -0.0000 0.0034
vn -0.9877 0.1560 0.0062
vn -0.9877 -0.1563 0.0017
vn -0.9511 -0.3090 0.0005
vn -0.9510 -0.3091 0.0041
vn -0.9877 0.1565 0.0031
vn -0.9511 0.3088 0.0056
vn -1.0000 -0.0000 0.0018
vn -0.9877 -0.1565 0.0007
vn -0.9877 -0.1565 0.0039
vn -0.9510 0.3091 0.0028
vn -0.8911 0.4537 0.0048
vn -0.9877 0.1565 0.0020
vn -1.0000 -0.0000 0.0009
vn -1.0000 -0.0000 0.0037
vn -0.8909 0.4542 0.0023
vn -0.8091 0.5876 0.0037
vn -0.9510 0.3092 0.0022
vn -0.9877 0.1563 0.0011
vn -0.9877 0.1563 0.0036
vn -0.8089 0.5879 0.0017
vn -0.7075 0.7067 0.0024
vn -0.8909 0.4541 0.0023
vn -0.9511 0.3090 0.0013
vn -0.7069 0.7073 0.0010
vn -0.9511 0.3089 0.0034
vn -0.5881 0.8088 0.0010
vn -0.8090 0.5878 0.0024
vn -0.8911 0.4538 0.0015
vn -0.8911 0.4538 0.0032
vn -0.5876 0.8091 0.0003
vn -0.4547 0.8906 -0.0005
vn -0.7070 0.7072 0.0026
vn -0.5877 0.8091 0.0027
vn -0.4537 0.8912 -0.0005
vn -0.3095 0.9509 -0.0021
vn -0.8090 0.5878 0.0017
vn -0.7071 0.7071 0.0019
vn -0.8090 0.5877 0.0030
vn -0.3090 0.9511 -0.0013
vn -0.1570 0.9876 -0.0038
vn -0.4540 0.8910 0.0028
vn -0.5879 0.8090 0.0020
vn -0.1561 0.9877 -0.0022
vn -0.0003 1.0000 -0.0055
vn -0.3090 0.9510 0.0028
vn -0.4539 0.8910 0.0022
vn 0.0002 1.0000 -0.0031
vn 0.1555 0.9878 -0.0072
vn -0.1563 0.9877 0.0029
vn -0.3090 0.9511 0.0022
vn 0.1568 0.9876 -0.0039
vn 0.3088 0.9511 -0.0088
vn -0.0000 1.0000 0.0029
vn -0.0000 1.0000 0.0023
vn 0.3093 0.9510 -0.0046
vn 0.4535 0.8912 -0.0103
vn 0.1563 0.9877 0.0029
vn 0.4542 0.8909 -0.0054
vn 0.5876 0.8091 -0.0116
vn 0.3090 0.9510 0.0028
vn 0.1564 0.9877 0.0023
vn 0.4540 0.8910 0.0028
vn 0.5878 0.8090 -0.0060
vn 0.7067 0.7074 -0.0127
vn 0.3090 0.9511 0.0022
vn 0.5877 0.8091 0.0027
vn 0.7073 0.7069 -0.0065
vn 0.8088 0.5879 -0.0137
vn 0.4539 0.8910 0.0022
vn 0.7070 0.7072 0.0026
vn 0.8090 0.5877 -0.0069
vn 0.8907 0.4543 -0.0144
vn 0.5879 0.8090 0.0021
vn 0.8090 0.5878 0.0025
vn 0.8910 0.4539 -0.0072
vn 0.9510 0.3089 -0.0148
vn 0.7072 0.7071 0.0019
vn 0.8909 0.4541 0.0023
vn 0.9510 0.3090 -0.0074
vn 0.9876 0.1562 -0.0150
vn 0.8090 0.5878 0.0017
vn 0.9510 0.3092 0.0022
vn 0.9877 0.1564 -0.0075
vn 1.0000 -0.0000 -0.0073
vn 0.9999 -0.0000 -0.0149
vn 0.9876 -0.1564 -0.0145
vn 1.0000 -0.0000 0.0019
vn 0.9877 -0.1563 -0.0071
vn 0.9509 -0.3091 -0.0139
vn 0.8911 0.4538 0.0016
vn 0.9877 0.1565 0.0020
vn 0.9511 0.3090 0.0014
vn 0.9877 0.1563 0.0012
vn 0.9877 -0.1563 0.0017
vn 0.9510 -0.3090 -0.0067
vn 0.8907 -0.4544 -0.0130
vn 1.0000 -0.0000 0.0009
vn 0.9511 -0.3090 0.0016
vn 0.8911 -0.4538 -0.0063
vn 0.8088 -0.5880 -0.0120
vn 0.9877 -0.1565 0.0007
vn 0.8910 -0.4540 0.0014
vn 0.8091 -0.5876 -0.0057
vn 0.7065 -0.7076 -0.0107
vn 0.9511 -0.3090 0.0005
vn 0.8091 -0.5877 0.0013
vn 0.7072 -0.7070 -0.0050
vn 0.5876 -0.8091 -0.0093
vn 0.8910 -0.4540 0.0003
vn 0.7072 -0.7070 0.0012
vn 0.5879 -0.8089 -0.0043
vn 0.4534 -0.8913 -0.0077
vn 0.8090 -0.5879 0.0001
vn 0.5878 -0.8090 0.0010
vn 0.4542 -0.8909 -0.0034
vn 0.3086 -0.9512 -0.0061
vn 0.7070 -0.7072 -0.0000
vn 0.4541 -0.8910 0.0010
vn 0.3093 -0.9510 -0.0026
vn 0.1557 -0.9878 -0.0044
vn 0.5878 -0.8090 -0.0002
vn 0.3091 -0.9510 0.0009
vn 0.1570 -0.9876 -0.0018
vn 0.0494 -0.9988 -0.0033
vn 0.0492 -0.9988 -0.0012
vn 0.1564 -0.9877 0.0009
vn 0.0493 -0.9988 0.0008
vn 0.4540 -0.8910 -0.0003
vn 0.3090 -0.9511 -0.0004
vn 0.1564 -0.9877 -0.0004
vn 0.0492 -0.9988 -0.0005
vn 0.0494 -0.9988 0.0050
vn 0.1564 -0.9877 0.0050
vn 0.0494 -0.9987 0.0154
vn 0.3089 -0.9511 0.0049
vn 0.1565 -0.9876 0.0155
vn 0.0493 -0.9953 0.0834
vn 0.4540 -0.8910 0.0048
vn 0.3090 -0.9509 0.0153
vn 0.1560 -0.9842 0.0837
vn 0.0486 -0.9837 0.1732
vn 0.5877 -0.8090 0.0047
vn 0.4538 -0.8910 0.0151
vn 0.3079 -0.9477 0.0834
vn 0.1541 -0.9726 0.1742
vn 0.0482 -0.9737 0.2229
vn 0.7071 -0.7071 0.0046
vn 0.5877 -0.8089 0.0147
vn 0.4523 -0.8880 0.0834
vn 0.3042 -0.9366 0.1739
vn 0.1521 -0.9626 0.2241
vn 0.0469 -0.9610 0.2727
vn 0.1502 -0.9499 0.2741
vn 0.1401 -0.9410 0.3079
vn 0.2939 -0.9039 0.3106
vn 0.3010 -0.9270 0.2237
vn 0.2976 -0.9149 0.2728
vn 0.4369 -0.8569 0.2737
vn 0.5592 -0.7689 0.3101
vn 0.4423 -0.8682 0.2251
vn 0.4473 -0.8771 0.1752
vn 0.5857 -0.8063 0.0830
vn 0.5788 -0.7964 0.1753
vn 0.5725 -0.7885 0.2250
vn 0.5654 -0.7786 0.2723
vn 0.7070 -0.7071 0.0143
vn 0.7048 -0.7046 0.0829
vn 0.6962 -0.6957 0.1769
vn 0.6884 -0.6890 0.2267
vn 0.6802 -0.6802 0.2733
vn 0.7694 -0.5588 0.3096
vn 0.8064 -0.5856 0.0824
vn 0.7963 -0.5783 0.1773
vn 0.7879 -0.5725 0.2268
vn 0.7786 -0.5655 0.2720
vn 0.8571 -0.4369 0.2729
vn 0.8518 -0.4250 0.3063
vn 0.9152 -0.2976 0.2716
vn 0.8670 -0.4427 0.2287
vn 0.9257 -0.3010 0.2290
vn 0.8768 -0.4463 0.1791
vn 0.9357 -0.3036 0.1797
vn 0.9609 -0.1527 0.2310
vn 0.9714 -0.1532 0.1816
vn 0.8882 -0.4521 0.0822
vn 0.9479 -0.3079 0.0816
vn 0.9844 -0.1558 0.0814
vn 0.9832 0.0003 0.1823
vn 0.9967 0.0001 0.0808
vn 0.9876 -0.1566 0.0120
vn 0.9510 -0.3091 0.0126
vn 0.8909 -0.4540 0.0133
vn 0.9999 -0.0001 0.0113
vn 0.8089 -0.5878 0.0137
vn 0.8091 -0.5877 0.0045
vn 0.8910 -0.4540 0.0043
vn 0.9510 -0.3091 0.0041
vn 0.9877 -0.1565 0.0039
vn 1.0000 -0.0000 0.0037
vn 0.9877 0.1563 0.0035
vn 0.9876 0.1564 0.0108
vn 0.9511 0.3089 0.0033
vn 0.9844 0.1562 0.0805
vn 0.9510 0.3090 0.0101
vn 0.8911 0.4538 0.0032
vn 0.8090 0.5877 0.0030
vn 0.8910 0.4538 0.0095
vn 0.9480 0.3081 0.0799
vn 0.9707 0.1542 0.1841
vn 0.7071 0.7071 0.0029
vn 0.8090 0.5877 0.0089
vn 0.8882 0.4525 0.0797
vn 0.9347 0.3037 0.1848
vn 0.5878 0.8090 0.0027
vn 0.7071 0.7070 0.0085
vn 0.8065 0.5859 0.0792
vn 0.8751 0.4465 0.1865
vn 0.4540 0.8910 0.0026
vn 0.5878 0.8090 0.0080
vn 0.7048 0.7050 0.0790
vn 0.7946 0.5776 0.1870
vn 0.3090 0.9511 0.0026
vn 0.4540 0.8910 0.0078
vn 0.5858 0.8066 0.0786
vn 0.6943 0.6946 0.1884
vn 0.1564 0.9877 0.0025
vn 0.3090 0.9510 0.0075
vn 0.4525 0.8883 0.0785
vn 0.5771 0.7946 0.1886
vn 0.3080 0.9482 0.0782
vn 0.1565 0.9877 0.0074
vn 0.4455 0.8750 0.1897
vn 0.1558 0.9847 0.0783
vn -0.0000 1.0000 0.0025
vn -0.0000 1.0000 0.0073
vn -0.1564 0.9877 0.0023
vn -0.1564 0.9877 0.0025
vn -0.3090 0.9511 0.0026
vn -0.1565 0.9876 0.0074
vn -0.4539 0.8910 0.0026
vn -0.3090 0.9510 0.0075
vn -0.0000 0.9969 0.0781
vn -0.1558 0.9847 0.0783
vn -0.5878 0.8090 0.0027
vn -0.4540 0.8910 0.0078
vn -0.3080 0.9482 0.0782
vn -0.7071 0.7071 0.0029
vn -0.5878 0.8090 0.0081
vn -0.4525 0.8883 0.0785
vn -0.8090 0.5877 0.0090
vn -0.7071 0.7070 0.0085
vn -0.5858 0.8066 0.0786
vn -0.7048 0.7050 0.0790
vn -0.8910 0.4538 0.0096
vn -0.8065 0.5859 0.0792
vn -0.9510 0.3090 0.0101
vn -0.8882 0.4525 0.0797
vn -0.9876 0.1564 0.0108
vn -0.9480 0.3081 0.0799
vn -0.9999 -0.0001 0.0114
vn -0.9844 0.1562 0.0805
vn -0.9876 -0.1566 0.0121
vn -0.9967 0.0001 0.0808
vn -0.9510 -0.3091 0.0126
vn -0.9844 -0.1558 0.0814
vn -0.8909 -0.4540 0.0133
vn -0.9479 -0.3079 0.0816
vn -0.8089 -0.5878 0.0138
vn -0.8882 -0.4521 0.0822
vn -0.7070 -0.7071 0.0143
vn -0.8064 -0.5856 0.0824
vn -0.7048 -0.7046 0.0829
vn -0.5857 -0.8063 0.0830
vn -0.7965 -0.5785 0.1762
vn -0.8770 -0.4464 0.1778
vn -0.6963 -0.6958 0.1759
vn -0.8673 -0.4428 0.2274
vn -0.9360 -0.3036 0.1783
vn -0.9260 -0.3011 0.2276
vn -0.9716 -0.1533 0.1802
vn -0.9613 -0.1527 0.2295
vn -0.7881 -0.5727 0.2256
vn -0.9835 0.0003 0.1809
vn -0.9732 -0.0003 0.2298
vn -0.9620 -0.0000 0.2732
vn -0.9710 0.1542 0.1827
vn -0.9609 0.1514 0.2319
vn -0.9499 0.1503 0.2742
vn -0.9498 -0.0000 0.3128
vn -0.9498 -0.1503 0.2744
vn -0.9378 -0.1569 0.3097
vn -0.9034 0.2936 0.3126
vn -0.9147 -0.2975 0.2734
vn -0.8567 -0.4366 0.2746
vn -0.8508 -0.4245 0.3096
vn -0.7684 -0.5584 0.3126
vn -0.7783 -0.5652 0.2735
vn -0.6886 -0.6891 0.2256
vn -0.6800 -0.6799 0.2746
vn -0.5585 -0.7685 0.3122
vn -0.5653 -0.7783 0.2735
vn -0.5789 -0.7965 0.1745
vn -0.5726 -0.7886 0.2241
vn -0.4368 -0.8566 0.2745
vn -0.2934 -0.9037 0.3118
vn -0.4424 -0.8683 0.2244
vn -0.4473 -0.8772 0.1745
vn -0.4523 -0.8879 0.0834
vn -0.3090 -0.9509 0.0153
vn -0.3079 -0.9477 0.0834
vn -0.3042 -0.9367 0.1735
vn -0.3011 -0.9271 0.2232
vn -0.1564 -0.9877 0.0050
vn -0.1565 -0.9876 0.0155
vn -0.1560 -0.9842 0.0836
vn -0.0494 -0.9988 0.0050
vn -0.0494 -0.9987 0.0154
vn -0.0492 -0.9988 -0.0005
vn -0.0493 -0.9953 0.0834
vn -0.1564 -0.9877 0.0009
vn -0.0493 -0.9988 0.0008
vn -0.1540 -0.9726 0.1739
vn -0.0486 -0.9837 0.1731
vn -0.1563 -0.9877 -0.0001
vn -0.0492 -0.9988 -0.0006
vn -0.1571 -0.9876 -0.0011
vn -0.0494 -0.9988 -0.0022
vn -0.1523 -0.9627 0.2239
vn -0.0482 -0.9737 0.2228
vn -0.2976 -0.9147 0.2733
vn -0.1503 -0.9498 0.2743
vn -0.1401 -0.9409 0.3085
vn -0.0469 -0.9609 0.2729
vn -0.8753 0.4467 0.1852
vn -0.9349 0.3038 0.1834
vn -0.8664 0.4411 0.2342
vn -0.9252 0.3003 0.2322
vn -0.7948 0.5777 0.1858
vn -0.7868 0.5710 0.2344
vn -0.9149 0.2976 0.2729
vn -0.8569 0.4367 0.2738
vn -0.7685 0.5586 0.3122
vn -0.7785 0.5654 0.2725
vn -0.6802 0.6801 0.2734
vn -0.6665 0.6785 0.3089
vn -0.5654 0.7786 0.2722
vn -0.6876 0.6866 0.2363
vn -0.6944 0.6947 0.1874
vn -0.5710 0.7862 0.2362
vn -0.5772 0.7947 0.1878
vn -0.4367 0.8572 0.2730
vn -0.4395 0.8437 0.3083
vn -0.2937 0.9038 0.3111
vn -0.4413 0.8653 0.2378
vn -0.4455 0.8751 0.1891
vn -0.2977 0.9152 0.2717
vn -0.1504 0.9503 0.2727
vn -0.3005 0.9238 0.2374
vn 0.0002 0.9506 0.3105
vn -0.3032 0.9340 0.1891
vn -0.1519 0.9591 0.2387
vn -0.1533 0.9697 0.1901
vn -0.0000 0.9625 0.2714
vn -0.0000 0.9713 0.2380
vn -0.0000 0.9818 0.1898
vn 0.1502 0.9504 0.2724
vn 0.2942 0.9041 0.3100
vn 0.1518 0.9591 0.2390
vn 0.1534 0.9697 0.1903
vn 0.2977 0.9153 0.2712
vn 0.4367 0.8574 0.2722
vn 0.4398 0.8442 0.3066
vn 0.3004 0.9237 0.2379
vn 0.5656 0.7789 0.2710
vn 0.3032 0.9339 0.1896
vn 0.4411 0.8652 0.2385
vn 0.5709 0.7861 0.2371
vn 0.6804 0.6804 0.2721
vn 0.6671 0.6791 0.3062
vn 0.7694 0.5590 0.3091
vn 0.6874 0.6865 0.2373
vn 0.7788 0.5657 0.2710
vn 0.8573 0.4370 0.2721
vn 0.7866 0.5708 0.2355
vn 0.9045 0.2938 0.3090
vn 0.8661 0.4410 0.2355
vn 0.9153 0.2978 0.2711
vn 0.9248 0.3002 0.2336
vn 0.9504 0.1503 0.2723
vn 0.9510 -0.0000 0.3091
vn 0.9606 0.1513 0.2333
vn 0.9625 -0.0000 0.2713
vn 0.9729 -0.0003 0.2313
vn 0.9503 -0.1504 0.2726
vn 0.9390 -0.1571 0.3061
vn -0.4507 -0.8852 -0.1154
vn -0.4513 -0.8853 -0.1123
vn -0.5842 -0.8035 -0.1149
vn -0.5839 -0.8041 -0.1118
vn -0.7028 -0.7019 -0.1154
vn -0.3073 -0.9450 -0.1118
vn -0.3068 -0.9448 -0.1149
vn -0.5841 -0.8040 -0.1111
vn -0.1550 -0.9815 -0.1123
vn -0.1554 -0.9811 -0.1154
vn -0.4510 -0.8856 -0.1109
vn -0.0486 -0.9926 -0.1117
vn -0.0485 -0.9922 -0.1147
vn -0.3068 -0.9454 -0.1098
vn -0.1551 -0.9818 -0.1098
vn -0.0489 -0.9929 -0.1088
vn -0.0491 -0.9928 -0.1090
vn -0.1559 -0.9816 -0.1102
vn -0.3073 -0.9452 -0.1107
vn -0.4517 -0.8850 -0.1126
vn -0.5843 -0.8036 -0.1135
vn -0.7025 -0.7028 -0.1124
vn -0.7027 -0.7020 -0.1156
vn -0.7026 -0.7026 -0.1123
vn -0.8034 -0.5842 -0.1149
vn -0.8038 -0.5841 -0.1128
vn -0.8037 -0.5835 -0.1167
vn -0.8039 -0.5841 -0.1118
vn -0.8849 -0.4513 -0.1154
vn -0.8849 -0.4516 -0.1142
vn -0.8850 -0.4502 -0.1190
vn -0.8854 -0.4510 -0.1123
vn -0.9447 -0.3071 -0.1149
vn -0.9447 -0.3072 -0.1145
vn -0.9443 -0.3064 -0.1202
vn -0.9451 -0.3070 -0.1118
vn -0.9811 -0.1556 -0.1154
vn -0.9810 -0.1556 -0.1159
vn -0.9804 -0.1543 -0.1225
vn -0.9814 -0.1557 -0.1123
vn -0.9922 -0.0485 -0.1147
vn -0.9925 -0.0493 -0.1117
vn -0.9921 -0.0489 -0.1158
vn -0.9912 -0.0490 -0.1229
vn -0.9920 0.0489 -0.1163
vn -0.9911 0.0490 -0.1239
vn -0.9809 0.1548 -0.1175
vn -0.9798 0.1556 -0.1257
vn -0.9925 0.0493 -0.1117
vn -0.9445 0.3068 -0.1177
vn -0.9434 0.3067 -0.1265
vn -0.9814 0.1557 -0.1123
vn -0.9811 0.1556 -0.1154
vn -0.9922 0.0484 -0.1148
vn -0.9447 0.3071 -0.1149
vn -0.9451 0.3070 -0.1118
vn -0.8849 0.4513 -0.1154
vn -0.8848 0.4506 -0.1189
vn -0.8834 0.4508 -0.1283
vn -0.8854 0.4510 -0.1123
vn -0.8034 0.5842 -0.1149
vn -0.8034 0.5835 -0.1188
vn -0.8022 0.5831 -0.1287
vn -0.8039 0.5841 -0.1118
vn -0.7026 0.7026 -0.1123
vn -0.7028 0.7019 -0.1154
vn -0.7023 0.7018 -0.1197
vn -0.7009 0.7013 -0.1300
vn -0.5841 0.8035 -0.1149
vn -0.5837 0.8031 -0.1194
vn -0.5828 0.8022 -0.1300
vn -0.5841 0.8039 -0.1118
vn -0.4507 0.8852 -0.1154
vn -0.4506 0.8846 -0.1201
vn -0.4501 0.8833 -0.1308
vn -0.4513 0.8853 -0.1123
vn -0.3069 0.9448 -0.1149
vn -0.3066 0.9443 -0.1195
vn -0.3065 0.9429 -0.1302
vn -0.3070 0.9451 -0.1118
vn -0.1554 0.9811 -0.1154
vn -0.1553 0.9806 -0.1200
vn -0.1551 0.9792 -0.1305
vn -0.1554 0.9815 -0.1123
vn -0.0485 0.9922 -0.1147
vn -0.0493 0.9925 -0.1117
vn -0.0494 0.9917 -0.1191
vn -0.0485 0.9904 -0.1294
vn 0.0494 0.9917 -0.1189
vn 0.0485 0.9905 -0.1290
vn 0.1556 0.9806 -0.1193
vn 0.1545 0.9795 -0.1291
vn 0.0493 0.9925 -0.1117
vn 0.3068 0.9444 -0.1182
vn 0.3064 0.9433 -0.1275
vn 0.1554 0.9815 -0.1123
vn 0.1554 0.9811 -0.1154
vn 0.0485 0.9922 -0.1148
vn 0.3068 0.9448 -0.1149
vn 0.3070 0.9451 -0.1118
vn 0.4507 0.8852 -0.1154
vn 0.4510 0.8847 -0.1181
vn 0.4499 0.8840 -0.1268
vn 0.4513 0.8853 -0.1123
vn 0.5842 0.8035 -0.1149
vn 0.5840 0.8033 -0.1168
vn 0.5830 0.8028 -0.1248
vn 0.5841 0.8039 -0.1118
vn 0.7028 0.7019 -0.1154
vn 0.7027 0.7019 -0.1166
vn 0.7012 0.7022 -0.1238
vn 0.7026 0.7026 -0.1123
vn 0.8034 0.5842 -0.1149
vn 0.8038 0.5837 -0.1152
vn 0.8028 0.5837 -0.1216
vn 0.8039 0.5841 -0.1118
vn 0.8849 0.4513 -0.1154
vn 0.8852 0.4507 -0.1149
vn 0.8841 0.4515 -0.1204
vn 0.8854 0.4510 -0.1123
vn 0.9447 0.3071 -0.1149
vn 0.9450 0.3069 -0.1134
vn 0.9443 0.3071 -0.1181
vn 0.9451 0.3070 -0.1118
vn 0.9811 0.1556 -0.1154
vn 0.9814 0.1549 -0.1131
vn 0.9808 0.1559 -0.1169
vn 0.9814 0.1557 -0.1123
vn 0.9922 0.0485 -0.1147
vn 0.9925 0.0493 -0.1117
vn 0.9925 0.0489 -0.1118
vn 0.9921 0.0491 -0.1151
vn 0.9926 -0.0489 -0.1113
vn 0.9923 -0.0491 -0.1140
vn 0.9815 -0.1556 -0.1115
vn 0.9814 -0.1546 -0.1137
vn 0.9925 -0.0493 -0.1117
vn 0.9452 -0.3073 -0.1103
vn 0.9452 -0.3067 -0.1118
vn 0.9814 -0.1557 -0.1123
vn 0.9811 -0.1556 -0.1154
vn 0.9922 -0.0484 -0.1148
vn 0.9447 -0.3071 -0.1149
vn 0.9451 -0.3070 -0.1118
vn 0.8849 -0.4513 -0.1154
vn 0.8854 -0.4517 -0.1102
vn 0.8857 -0.4509 -0.1111
vn 0.8854 -0.4510 -0.1123
vn 0.8035 -0.5842 -0.1149
vn 0.8042 -0.5843 -0.1091
vn 0.8042 -0.5841 -0.1095
vn 0.8039 -0.5841 -0.1118
vn 0.7028 -0.7019 -0.1154
vn 0.7029 -0.7029 -0.1093
vn 0.7029 -0.7028 -0.1093
vn 0.7026 -0.7026 -0.1123
vn 0.5842 -0.8035 -0.1149
vn 0.5844 -0.8042 -0.1085
vn 0.5845 -0.8042 -0.1082
vn 0.5839 -0.8041 -0.1118
vn 0.4507 -0.8852 -0.1154
vn 0.4513 -0.8857 -0.1089
vn 0.4514 -0.8857 -0.1085
vn 0.4513 -0.8853 -0.1123
vn 0.3069 -0.9448 -0.1149
vn 0.3070 -0.9455 -0.1084
vn 0.3071 -0.9455 -0.1080
vn 0.3073 -0.9450 -0.1118
vn 0.1554 -0.9811 -0.1154
vn 0.1554 -0.9818 -0.1090
vn 0.1553 -0.9818 -0.1089
vn 0.1550 -0.9815 -0.1123
vn 0.0485 -0.9922 -0.1147
vn 0.0486 -0.9926 -0.1117
vn 0.0489 -0.9929 -0.1086
vn 0.0491 -0.9929 -0.1085
vn -0.0000 0.0001 -1.0000
vn -0.5840 -0.8037 0.1144
vn -0.5836 -0.8039 0.1142
vn -0.3070 -0.9448 0.1144
vn -0.8039 -0.5832 0.1165
vn -0.3068 -0.9449 0.1145
vn -0.8035 -0.5838 0.1165
vn -0.0001 -0.9933 0.1153
vn -0.9447 -0.3071 0.1146
vn -0.9447 -0.3074 0.1145
vn 0.3071 -0.9448 0.1145
vn -0.9933 0.0001 0.1153
vn 0.3069 -0.9448 0.1144
vn 0.5841 -0.8036 0.1142
vn -0.9449 0.3068 0.1145
vn 0.5838 -0.8038 0.1144
vn -0.9448 0.3070 0.1146
vn 0.8032 -0.5842 0.1165
vn -0.8037 0.5836 0.1165
vn 0.8037 -0.5835 0.1165
vn -0.8032 0.5842 0.1165
vn 0.9448 -0.3070 0.1146
vn -0.5840 0.8036 0.1144
vn 0.9449 -0.3068 0.1145
vn -0.5843 0.8034 0.1144
vn 0.9933 -0.0001 0.1153
vn -0.3064 0.9447 0.1172
vn -0.3068 0.9445 0.1172
vn 0.9447 0.3074 0.1145
vn -0.0002 0.9933 0.1155
vn 0.9447 0.3071 0.1146
vn 0.8035 0.5838 0.1165
vn 0.3069 0.9445 0.1172
vn 0.8039 0.5832 0.1165
vn 0.3072 0.9444 0.1172
vn 0.5840 0.8037 0.1144
vn 0.5837 0.8039 0.1144
vn -0.7219 -0.0000 0.6920
vn -0.5737 -0.0000 0.8191
vn -0.9298 -0.0000 0.3682
vn -1.0000 -0.0000 -0.0009
vn -1.0000 -0.0000 -0.0010
vn -0.9303 -0.0000 -0.3669
vn -0.7240 -0.0000 -0.6898
vn -0.3977 -0.0000 -0.9175
vn 0.3977 -0.0000 -0.9175
vn 0.7240 -0.0000 -0.6898
vn 0.9303 -0.0000 -0.3669
vn 1.0000 -0.0000 -0.0010
vn 1.0000 -0.0000 -0.0009
vn 0.9298 -0.0000 0.3682
vn 0.7219 -0.0000 0.6920
vn 0.3978 -0.0000 0.9175
vn -0.0000 -0.0000 1.0000
vn -0.2058 -0.0000 0.9786
vn -0.7240 -0.0000 0.6898
vn -0.5760 -0.0000 0.8174
vn -0.9299 -0.0000 0.3678
vn -1.0000 -0.0000 0.0005
vn -0.9301 -0.0000 -0.3673
vn -0.3988 -0.0000 -0.9171
vn 0.3988 -0.0000 -0.9171
vn 0.9301 -0.0000 -0.3673
vn 1.0000 -0.0000 0.0005
vn 0.9299 -0.0000 0.3678
vn 0.7240 -0.0000 0.6898
vn 0.3988 -0.0000 0.9171
vn -0.2050 -0.0000 0.9788
vn 0.0316 -0.9216 0.3869
vn 0.0557 -0.9099 0.4110
vn 0.0550 -0.9103 0.4103
vn 0.0802 -0.8968 0.4350
vn 0.0441 0.0632 0.9970
vn 0.0255 0.0224 0.9994
vn 0.0267 0.0653 0.9975
vn 0.6433 -0.6473 0.4088
vn -0.0334 0.0693 0.9970
vn 0.0241 0.0162 0.9996
vn 0.8810 -0.0604 0.4692
vn 0.8878 -0.0527 0.4572
vn 0.8878 0.0892 0.4515
vn -0.0353 0.9592 0.2806
vn -0.0356 0.9591 0.2810
vn -0.0355 0.9591 0.2808
vn -0.0409 0.0729 0.9965
vn -0.6254 0.7055 0.3333
vn -0.6429 0.6959 0.3200
vn -0.6371 0.6992 0.3244
vn -0.0358 0.9590 0.2812
vn -0.1156 0.0633 0.9913
vn 0.8683 0.2205 0.4443
vn -0.1230 0.0652 0.9903
vn 0.8689 0.3201 0.3776
vn 0.7954 0.4268 0.4304
vn 0.6997 0.4042 0.5891
vn -0.0942 0.6450 0.7583
vn -0.9014 0.2639 0.3433
vn -0.8206 0.2330 0.5219
vn -0.9359 0.2009 0.2894
vn -0.6538 0.6896 0.3114
vn -0.9691 0.0932 0.2284
vn -0.9959 0.0905 -0.0023
vn -0.9824 0.1868 -0.0055
vn -0.9608 0.2770 -0.0077
vn -0.6485 0.6840 -0.3340
vn -0.6378 0.6998 -0.3216
vn -0.6415 0.6944 -0.3259
vn -0.0358 0.9587 -0.2822
vn -0.0355 0.9586 -0.2825
vn -0.0356 0.9586 -0.2824
vn -0.9706 0.0874 -0.2242
vn -0.6307 0.7100 -0.3134
vn -0.9382 0.1987 -0.2834
vn -0.9014 0.2736 -0.3356
vn -0.8201 0.2336 -0.5224
vn -0.0942 0.6450 -0.7583
vn -0.1231 0.0537 -0.9909
vn -0.0275 0.0811 -0.9963
vn -0.1161 0.0543 -0.9917
vn 0.7568 0.4158 -0.5043
vn 0.6335 0.4476 -0.6312
vn 0.7395 0.4620 -0.4895
vn 0.8774 0.3364 -0.3421
vn 0.9276 0.2468 -0.2804
vn 0.8972 -0.0615 -0.4374
vn 0.8918 -0.0526 -0.4493
vn 0.8874 -0.0456 -0.4587
vn -0.0277 0.0982 -0.9948
vn 0.8820 -0.0372 -0.4698
vn 0.0173 0.0592 -0.9981
vn 0.6428 -0.6466 -0.4108
vn 0.0189 0.0503 -0.9986
vn 0.0328 -0.9013 -0.4320
vn 0.0564 -0.9099 -0.4111
vn 0.0555 -0.9095 -0.4119
vn 0.0821 -0.9181 -0.3878
vn 0.0341 0.0162 -0.9993
vn 0.0321 0.0225 -0.9992
vn -0.0353 0.9585 -0.2828
vn -0.0821 -0.9181 -0.3878
vn -0.0564 -0.9099 -0.4111
vn -0.0555 -0.9095 -0.4119
vn -0.0328 -0.9013 -0.4320
vn -0.0341 0.0162 -0.9993
vn -0.0321 0.0225 -0.9992
vn -0.0173 0.0592 -0.9981
vn -0.6428 -0.6466 -0.4108
vn 0.0353 0.9585 -0.2828
vn 0.0355 0.9586 -0.2825
vn 0.0356 0.9586 -0.2824
vn -0.0189 0.0503 -0.9986
vn 0.0358 0.9587 -0.2822
vn 0.0277 0.0982 -0.9948
vn 0.0275 0.0811 -0.9963
vn -0.8820 -0.0372 -0.4698
vn -0.8918 -0.0526 -0.4493
vn -0.8874 -0.0456 -0.4587
vn 0.1161 0.0543 -0.9917
vn -0.8972 -0.0615 -0.4374
vn 0.0358 0.9590 0.2812
vn 0.0356 0.9591 0.2810
vn 0.0355 0.9591 0.2808
vn -0.7395 0.4620 -0.4895
vn -0.7568 0.4158 -0.5043
vn -0.8774 0.3364 -0.3421
vn -0.9276 0.2468 -0.2804
vn -0.6335 0.4476 -0.6312
vn 0.0942 0.6450 -0.7583
vn 0.1231 0.0537 -0.9909
vn 0.8201 0.2336 -0.5224
vn 0.9382 0.1987 -0.2834
vn 0.9014 0.2736 -0.3356
vn 0.9608 0.2770 -0.0077
vn 0.9824 0.1868 -0.0055
vn 0.9706 0.0874 -0.2242
vn 0.9014 0.2639 0.3433
vn 0.9959 0.0905 -0.0023
vn 0.6307 0.7100 -0.3134
vn 0.6378 0.6998 -0.3216
vn 0.6415 0.6944 -0.3259
vn 0.6485 0.6840 -0.3340
vn 0.9359 0.2009 0.2894
vn 0.8206 0.2330 0.5219
vn 0.6538 0.6896 0.3114
vn 0.6429 0.6959 0.3200
vn 0.6371 0.6992 0.3244
vn 0.9691 0.0932 0.2284
vn 0.6254 0.7055 0.3333
vn 0.0353 0.9592 0.2806
vn -0.0241 0.0162 0.9996
vn -0.0255 0.0224 0.9994
vn -0.0267 0.0653 0.9975
vn 0.0409 0.0729 0.9965
vn 0.0334 0.0693 0.9970
vn 0.1156 0.0633 0.9913
vn -0.0441 0.0632 0.9970
vn -0.0316 -0.9216 0.3869
vn -0.0550 -0.9103 0.4103
vn -0.0557 -0.9099 0.4110
vn -0.0802 -0.8968 0.4350
vn -0.6433 -0.6473 0.4088
vn -0.8810 -0.0604 0.4692
vn -0.8878 0.0892 0.4515
vn -0.8878 -0.0527 0.4572
vn 0.1230 0.0652 0.9903
vn -0.8683 0.2205 0.4443
vn 0.0942 0.6450 0.7583
vn -0.8689 0.3201 0.3776
vn -0.6997 0.4042 0.5891
vn -0.7954 0.4268 0.4304
vn -0.7230 -0.0000 0.6909
vn -0.5744 -0.0000 0.8186
vn -0.9301 -0.0000 0.3674
vn -1.0000 -0.0000 -0.0004
vn -0.9298 -0.0000 -0.3681
vn -0.7227 -0.0000 -0.6911
vn 0.7227 -0.0000 -0.6911
vn 0.9298 -0.0000 -0.3681
vn 1.0000 -0.0000 -0.0004
vn 0.9301 -0.0000 0.3674
vn 0.7230 -0.0000 0.6909
vn 0.3971 -0.0000 0.9178
vn -0.2034 -0.0000 0.9791
vn -0.7231 -0.0000 0.6907
vn -0.5753 -0.0000 0.8179
vn -1.0000 -0.0000 0.0001
vn -0.7231 -0.0000 -0.6907
vn -0.4002 -0.0000 -0.9164
vn 0.4002 -0.0000 -0.9164
vn 0.7231 -0.0000 -0.6907
vn 1.0000 -0.0000 0.0001
vn 0.7231 -0.0000 0.6907
vn 0.3976 -0.0000 0.9176
vn 0.0312 -0.9207 0.3890
vn 0.0555 -0.9089 0.4133
vn 0.0546 -0.9093 0.4125
vn 0.0801 -0.8956 0.4376
vn 0.0495 0.0660 0.9966
vn 0.0251 0.0258 0.9994
vn 0.0274 0.0708 0.9971
vn 0.6470 -0.6428 0.4102
vn -0.0463 0.0765 0.9960
vn 0.0239 0.0203 0.9995
vn 0.8874 -0.0531 0.4579
vn 0.8871 0.0887 0.4530
vn -0.0353 0.9586 0.2825
vn -0.0356 0.9585 0.2829
vn -0.0355 0.9585 0.2828
vn -0.0580 0.0818 0.9950
vn -0.6248 0.7050 0.3355
vn -0.6423 0.6955 0.3221
vn -0.6366 0.6986 0.3265
vn -0.0357 0.9584 0.2832
vn -0.1178 0.0612 0.9912
vn 0.8675 0.2208 0.4458
vn -0.1230 0.0624 0.9904
vn 0.8682 0.3210 0.3784
vn 0.7932 0.4288 0.4324
vn 0.6957 0.4065 0.5923
vn -0.0943 0.6444 0.7589
vn -0.9011 0.2637 0.3441
vn -0.8202 0.2328 0.5225
vn -0.9356 0.2009 0.2904
vn -0.6534 0.6891 0.3134
vn -0.9687 0.0933 0.2300
vn -0.9959 0.0906 -0.0017
vn -0.9824 0.1869 -0.0044
vn -0.9609 0.2767 -0.0069
vn -0.0364 0.9589 -0.2814
vn -0.0362 0.9588 -0.2817
vn -0.9707 0.0875 -0.2238
vn -0.9384 0.1978 -0.2832
vn -0.9023 0.2713 -0.3351
vn -0.8208 0.2297 -0.5229
vn -0.0826 0.6442 -0.7604
vn -0.1078 0.0557 -0.9926
vn -0.0430 0.0884 -0.9952
vn -0.1043 0.0560 -0.9930
vn 0.7544 0.4180 -0.5061
vn 0.6283 0.4501 -0.6345
vn 0.7380 0.4644 -0.4896
vn 0.8776 0.3370 -0.3408
vn 0.9280 0.2469 -0.2791
vn 0.8974 -0.0615 -0.4370
vn 0.8924 -0.0532 -0.4482
vn 0.8883 -0.0466 -0.4569
vn -0.0459 0.1049 -0.9934
vn 0.8832 -0.0387 -0.4673
vn 0.0082 0.0738 -0.9972
vn 0.6434 -0.6475 -0.4083
vn 0.0085 0.0674 -0.9977
vn 0.0349 -0.9023 -0.4296
vn 0.0574 -0.9104 -0.4097
vn 0.0567 -0.9102 -0.4104
vn 0.0821 -0.9183 -0.3873
vn 0.0393 -0.0000 -0.9992
vn 0.0353 0.0126 -0.9993
vn -0.0368 0.9591 -0.2808
vn -0.0821 -0.9183 -0.3873
vn -0.0574 -0.9104 -0.4097
vn -0.0567 -0.9102 -0.4104
vn -0.0349 -0.9023 -0.4296
vn -0.0393 -0.0000 -0.9992
vn -0.0353 0.0126 -0.9993
vn -0.0082 0.0738 -0.9972
vn -0.6434 -0.6475 -0.4083
vn 0.0368 0.9591 -0.2808
vn 0.0364 0.9589 -0.2814
vn 0.0362 0.9588 -0.2817
vn -0.0085 0.0675 -0.9977
vn 0.0459 0.1049 -0.9934
vn 0.0430 0.0884 -0.9952
vn -0.8832 -0.0388 -0.4673
vn -0.8924 -0.0532 -0.4482
vn -0.8883 -0.0466 -0.4569
vn 0.1043 0.0560 -0.9930
vn -0.8974 -0.0615 -0.4370
vn 0.0357 0.9584 0.2832
vn 0.0356 0.9585 0.2829
vn 0.0355 0.9585 0.2828
vn -0.7380 0.4644 -0.4896
vn -0.7544 0.4180 -0.5061
vn -0.8776 0.3370 -0.3408
vn -0.9280 0.2469 -0.2791
vn -0.6283 0.4501 -0.6345
vn 0.0826 0.6442 -0.7604
vn 0.1078 0.0557 -0.9926
vn 0.8209 0.2297 -0.5229
vn 0.9384 0.1978 -0.2832
vn 0.9023 0.2713 -0.3351
vn 0.9609 0.2767 -0.0069
vn 0.9824 0.1869 -0.0044
vn 0.9707 0.0875 -0.2238
vn 0.9011 0.2637 0.3441
vn 0.9959 0.0906 -0.0017
vn 0.9356 0.2009 0.2904
vn 0.8202 0.2328 0.5225
vn 0.6534 0.6891 0.3134
vn 0.6423 0.6955 0.3221
vn 0.6366 0.6986 0.3265
vn 0.9687 0.0933 0.2300
vn 0.6248 0.7050 0.3355
vn 0.0353 0.9586 0.2825
vn -0.0239 0.0203 0.9995
vn -0.0251 0.0258 0.9994
vn -0.0274 0.0708 0.9971
vn 0.0580 0.0818 0.9950
vn 0.0463 0.0765 0.9960
vn 0.1178 0.0611 0.9912
vn -0.0495 0.0660 0.9966
vn -0.0312 -0.9207 0.3890
vn -0.0546 -0.9093 0.4125
vn -0.0555 -0.9089 0.4133
vn -0.0801 -0.8956 0.4376
vn -0.6470 -0.6428 0.4102
vn -0.8871 0.0887 0.4530
vn -0.8874 -0.0531 0.4579
vn 0.1230 0.0624 0.9904
vn -0.8675 0.2207 0.4458
vn 0.0943 0.6444 0.7589
vn -0.8682 0.3210 0.3784
vn -0.6957 0.4065 0.5923
vn -0.7932 0.4288 0.4324
vn -0.7753 -0.5612 0.2899
vn -0.5644 -0.7745 0.2856
vn -0.5589 -0.7694 0.3092
vn -0.7682 -0.5589 0.3124
vn -0.9028 0.2960 0.3121
vn -0.9527 0.0025 0.3039
vn -0.9466 -0.0009 0.3223
vn -0.8987 0.2909 0.3280
vn 0.7628 0.5564 0.3293
vn 0.5534 0.7632 0.3335
vn 0.5525 0.7598 0.3427
vn 0.7612 0.5524 0.3396
vn 0.2911 0.8960 0.3354
vn 0.0006 0.9423 0.3348
vn -0.0003 0.9390 0.3439
vn 0.2904 0.8929 0.3442
vn 0.5639 -0.7722 0.2928
vn 0.7732 -0.5588 0.2997
vn 0.7663 -0.5579 0.3186
vn 0.5577 -0.7684 0.3138
vn 0.2972 -0.9105 0.2874
vn 0.2932 -0.9044 0.3101
vn -0.2965 -0.9120 0.2836
vn -0.2939 -0.9049 0.3077
vn -0.5540 0.7657 0.3267
vn -0.7651 0.5589 0.3199
vn -0.7632 0.5535 0.3335
vn -0.5538 0.7608 0.3383
vn -0.9090 -0.2931 0.2963
vn -0.9018 -0.2939 0.3169
vn 0.9057 -0.2916 0.3077
vn 0.9488 0.0025 0.3158
vn 0.9440 -0.0009 0.3299
vn 0.8994 -0.2933 0.3242
vn -0.2905 0.8975 0.3318
vn -0.2911 0.8935 0.3419
vn 0.0006 -0.9588 0.2842
vn -0.0003 -0.9514 0.3080
vn 0.8993 0.2945 0.3233
vn 0.8963 0.2903 0.3352
vn -0.0017 -0.0109 0.9999
vn -0.0000 0.9952 -0.0980
vn -0.0000 0.9569 -0.2903
vn -0.0000 0.8819 -0.4714
vn -0.0000 0.7730 -0.6344
vn -0.0000 0.6344 -0.7730
vn -0.0000 0.4714 -0.8819
vn -0.0000 0.2903 -0.9569
vn -0.0000 0.0980 -0.9952
vn -0.0000 -0.0980 -0.9952
vn -0.0000 -0.2903 -0.9569
vn -0.0000 -0.4714 -0.8819
vn -0.0000 -0.6344 -0.7730
vn -0.0000 -0.7730 -0.6344
vn -0.0000 -0.8819 -0.4714
vn -0.0000 -0.9569 -0.2903
vn -0.0000 -0.9952 -0.0980
vn -0.0000 -0.9952 0.0980
vn -0.0000 -0.9569 0.2903
vn -0.0000 -0.8819 0.4714
vn -0.0000 -0.7730 0.6344
vn -0.0000 -0.6344 0.7730
vn -0.0000 -0.4714 0.8819
vn -0.0000 -0.2903 0.9569
vn -0.0000 -0.0980 0.9952
vn -0.0000 0.0980 0.9952
vn -0.0000 0.2903 0.9569
vn -0.0000 0.4714 0.8819
vn -0.0000 0.6344 0.7730
vn -0.0000 0.7730 0.6344
vn -0.0000 0.8819 0.4714
vn -0.0000 0.9569 0.2903
vn -0.0000 0.9952 0.0980
vn -0.9952 -0.0000 -0.0980
vn -0.9569 -0.0000 -0.2903
vn -0.8819 -0.0000 -0.4714
vn -0.7730 -0.0000 -0.6344
vn -0.6344 -0.0000 -0.7730
vn -0.4714 -0.0000 -0.8819
vn -0.2903 -0.0000 -0.9569
vn -0.0980 -0.0000 -0.9952
vn 0.0980 -0.0000 -0.9952
vn 0.2903 -0.0000 -0.9569
vn 0.4714 -0.0000 -0.8819
vn 0.6344 -0.0000 -0.7730
vn 0.7730 -0.0000 -0.6344
vn 0.8819 -0.0000 -0.4714
vn 0.9569 -0.0000 -0.2903
vn 0.9952 -0.0000 -0.0980
vn 0.9952 -0.0000 0.0980
vn 0.9569 -0.0000 0.2903
vn 0.8819 -0.0000 0.4714
vn 0.7730 -0.0000 0.6344
vn 0.6344 -0.0000 0.7730
vn 0.4714 -0.0000 0.8819
vn 0.2903 -0.0000 0.9569
vn 0.0980 -0.0000 0.9952
vn -0.0980 -0.0000 0.9952
vn -0.2903 -0.0000 0.9569
vn -0.4714 -0.0000 0.8819
vn -0.6344 -0.0000 0.7730
vn -0.7730 -0.0000 0.6344
vn -0.8819 -0.0000 0.4714
vn -0.9569 -0.0000 0.2903
vn -0.9952 -0.0000 0.0980
vn -0.7037 0.7037 -0.0980
vn -0.6767 0.6767 -0.2903
vn -0.6236 0.6236 -0.4714
vn -0.5466 0.5466 -0.6344
vn -0.4486 0.4486 -0.7730
vn -0.3333 0.3333 -0.8819
vn -0.2053 0.2052 -0.9569
vn -0.0693 0.0693 -0.9952
vn 0.0693 -0.0693 -0.9952
vn 0.2053 -0.2052 -0.9569
vn 0.3333 -0.3333 -0.8819
vn 0.4486 -0.4486 -0.7730
vn 0.5466 -0.5466 -0.6344
vn 0.6236 -0.6236 -0.4714
vn 0.6767 -0.6767 -0.2903
vn 0.7037 -0.7037 -0.0980
vn 0.7037 -0.7037 0.0980
vn 0.6767 -0.6767 0.2903
vn 0.6236 -0.6236 0.4714
vn 0.5466 -0.5466 0.6344
vn 0.4486 -0.4486 0.7730
vn 0.3333 -0.3333 0.8819
vn 0.2053 -0.2053 0.9569
vn 0.0693 -0.0693 0.9952
vn -0.0693 0.0693 0.9952
vn -0.2053 0.2053 0.9569
vn -0.3333 0.3333 0.8819
vn -0.4486 0.4486 0.7730
vn -0.5466 0.5466 0.6344
vn -0.6236 0.6236 0.4714
vn -0.6767 0.6767 0.2903
vn -0.7037 0.7037 0.0980
vn -0.7037 -0.7037 -0.0980
vn -0.6767 -0.6767 -0.2903
vn -0.6236 -0.6236 -0.4714
vn -0.5466 -0.5466 -0.6344
vn -0.4486 -0.4486 -0.7730
vn -0.3333 -0.3333 -0.8819
vn -0.2053 -0.2052 -0.9569
vn -0.0693 -0.0693 -0.9952
vn 0.0693 0.0693 -0.9952
vn 0.2053 0.2052 -0.9569
vn 0.3333 0.3333 -0.8819
vn 0.4486 0.4486 -0.7730
vn 0.5466 0.5466 -0.6344
vn 0.6236 0.6236 -0.4714
vn 0.6767 0.6767 -0.2903
vn 0.7037 0.7037 -0.0980
vn 0.7037 0.7037 0.0980
vn 0.6767 0.6767 0.2903
vn 0.6236 0.6236 0.4714
vn 0.5466 0.5466 0.6344
vn 0.4486 0.4486 0.7730
vn 0.3333 0.3333 0.8819
vn 0.2053 0.2053 0.9569
vn 0.0693 0.0693 0.9952
vn -0.0693 -0.0693 0.9952
vn -0.2053 -0.2052 0.9569
vn -0.3333 -0.3333 0.8819
vn -0.4486 -0.4486 0.7730
vn -0.5466 -0.5466 0.6344
vn -0.6236 -0.6236 0.4714
vn -0.6767 -0.6767 0.2903
vn -0.7037 -0.7037 0.0980
vn -0.2053 -0.2053 0.9569
vn -0.2053 0.2053 -0.9569
vn 0.2053 -0.2053 -0.9569
vn -0.2053 -0.2053 -0.9569
vn 0.2053 0.2053 -0.9569
vt 0.798259 0.846153
vt 0.798259 0.849553
vt 0.788259 0.846153
vt 0.788259 0.849553
vt 0.808259 0.849553
vt 0.808259 0.846153
vt 0.818359 0.849553
vt 0.818359 0.846153
vt 0.828359 0.849553
vt 0.828359 0.846153
vt 0.838559 0.849553
vt 0.838559 0.846153
vt 0.848559 0.849553
vt 0.848559 0.846153
vt 0.858559 0.849553
vt 0.858559 0.846153
vt 0.868659 0.849553
vt 0.868659 0.846153
vt 0.878659 0.849553
vt 0.878659 0.846153
vt 0.888659 0.849553
vt 0.888659 0.846153
vt 0.898659 0.849553
vt 0.898659 0.846153
vt 0.908659 0.849553
vt 0.908659 0.846153
vt 0.918659 0.849553
vt 0.918659 0.846153
vt 0.928659 0.849553
vt 0.928659 0.846153
vt 0.938659 0.849553
vt 0.938659 0.846153
vt 0.948759 0.849553
vt 0.948959 0.846153
vt 0.958959 0.849553
vt 0.958959 0.846153
vt 0.968959 0.849553
vt 0.968959 0.846153
vt 0.978959 0.849553
vt 0.978959 0.846153
vt 0.989059 0.849553
vt 0.989059 0.846153
vt 0.615159 0.983353
vt 0.611759 0.892753
vt 0.612159 0.983653
vt 0.609559 0.843753
vt 0.606559 0.843953
vt 0.610259 0.988253
vt 0.614859 0.984653
vt 0.613159 0.989253
vt 0.609259 0.842453
vt 0.607059 0.838053
vt 0.604659 0.839353
vt 0.511359 0.992953
vt 0.520159 0.993153
vt 0.511359 0.989753
vt 0.520159 0.990253
vt 0.535559 0.993653
vt 0.535559 0.990453
vt 0.550959 0.993853
vt 0.550959 0.990753
vt 0.566259 0.993853
vt 0.566259 0.990953
vt 0.581959 0.993653
vt 0.581659 0.990753
vt 0.597359 0.993453
vt 0.597359 0.990453
vt 0.605859 0.990253
vt 0.605859 0.993453
vt 0.607059 0.993153
vt 0.611759 0.990953
vt 0.502359 0.982953
vt 0.505259 0.983153
vt 0.506459 0.892353
vt 0.509159 0.843253
vt 0.512059 0.843253
vt 0.506759 0.987753
vt 0.504059 0.988753
vt 0.502359 0.984153
vt 0.514059 0.838853
vt 0.509359 0.841953
vt 0.511559 0.837353
vt 0.599759 0.834453
vt 0.592959 0.834953
vt 0.599759 0.837653
vt 0.593159 0.837853
vt 0.579759 0.835153
vt 0.579759 0.838053
vt 0.566259 0.835153
vt 0.566259 0.838053
vt 0.600759 0.834653
vt 0.605659 0.836353
vt 0.566059 0.835153
vt 0.552659 0.835153
vt 0.552659 0.838053
vt 0.539159 0.834953
vt 0.539159 0.837853
vt 0.525959 0.834453
vt 0.525759 0.837353
vt 0.518959 0.837153
vt 0.519159 0.833953
vt 0.517959 0.834153
vt 0.513059 0.835853
vt 0.505459 0.990453
vt 0.510159 0.992653
vt 0.608622 0.372861
vt 0.608622 0.372664
vt 0.601027 0.372861
vt 0.601027 0.372686
vt 0.600488 0.372453
vt 0.600364 0.372577
vt 0.600276 0.371936
vt 0.600080 0.371936
vt 0.600065 0.365477
vt 0.600240 0.365492
vt 0.600437 0.364887
vt 0.600298 0.364778
vt 0.607828 0.359034
vt 0.607952 0.359158
vt 0.610124 0.377934
vt 0.610299 0.377934
vt 0.610124 0.370011
vt 0.610299 0.370011
vt 0.610532 0.369494
vt 0.610408 0.369355
vt 0.611064 0.369268
vt 0.611050 0.369071
vt 0.617508 0.369049
vt 0.617493 0.369231
vt 0.618113 0.369428
vt 0.618222 0.369282
vt 0.624061 0.376812
vt 0.623951 0.376936
vt 0.611050 0.369268
vt 0.633813 0.374232
vt 0.633813 0.374057
vt 0.625788 0.374232
vt 0.625788 0.374057
vt 0.625249 0.373823
vt 0.625125 0.373947
vt 0.625037 0.373291
vt 0.624841 0.373306
vt 0.624826 0.366848
vt 0.625001 0.366862
vt 0.625198 0.366243
vt 0.625052 0.366133
vt 0.632778 0.360259
vt 0.632924 0.360382
vt 0.625037 0.373306
vt 0.633813 0.374035
vt 0.599832 0.373823
vt 0.599832 0.373998
vt 0.607471 0.373823
vt 0.607449 0.373998
vt 0.607988 0.374217
vt 0.608112 0.374108
vt 0.608214 0.374749
vt 0.608397 0.374749
vt 0.608433 0.381207
vt 0.608236 0.381193
vt 0.608054 0.381798
vt 0.608200 0.381907
vt 0.600670 0.387687
vt 0.600524 0.387585
vt 0.881290 0.905471
vt 0.878590 0.905471
vt 0.881290 0.965071
vt 0.878590 0.965071
vt 0.878590 0.902771
vt 0.863690 0.902771
vt 0.863990 0.905471
vt 0.850790 0.902771
vt 0.850790 0.905471
vt 0.837590 0.905471
vt 0.837890 0.902771
vt 0.822990 0.905471
vt 0.822990 0.902771
vt 0.864990 0.965071
vt 0.878590 0.967571
vt 0.864690 0.967571
vt 0.850790 0.965071
vt 0.850790 0.967571
vt 0.836890 0.967571
vt 0.836390 0.965071
vt 0.822990 0.967571
vt 0.822990 0.965071
vt 0.820290 0.965071
vt 0.820290 0.905471
vt 0.445459 0.664453
vt 0.445459 0.792453
vt 0.457159 0.664453
vt 0.445459 0.563853
vt 0.433659 0.792453
vt 0.457159 0.792453
vt 0.433659 0.563853
vt 0.457159 0.563853
vt 0.433659 0.664453
vt 0.433659 0.447353
vt 0.433659 0.884953
vt 0.445459 0.447153
vt 0.468859 0.664453
vt 0.445459 0.884953
vt 0.433659 0.994153
vt 0.445459 0.994153
vt 0.421959 0.994153
vt 0.457159 0.884953
vt 0.457159 0.994153
vt 0.421959 0.884953
vt 0.410259 0.994153
vt 0.421959 0.792453
vt 0.410259 0.884953
vt 0.398559 0.994153
vt 0.398559 0.884953
vt 0.386859 0.994153
vt 0.410259 0.792453
vt 0.421959 0.664453
vt 0.421959 0.563853
vt 0.386859 0.884953
vt 0.375359 0.994153
vt 0.398559 0.792453
vt 0.410259 0.664453
vt 0.410259 0.564053
vt 0.375359 0.884953
vt 0.363659 0.994153
vt 0.386859 0.792453
vt 0.398559 0.664453
vt 0.398559 0.564053
vt 0.363659 0.884953
vt 0.351859 0.994153
vt 0.375359 0.792453
vt 0.386859 0.664453
vt 0.386859 0.564053
vt 0.351859 0.884753
vt 0.340159 0.994153
vt 0.363659 0.792453
vt 0.375359 0.664453
vt 0.375359 0.564053
vt 0.340159 0.884753
vt 0.328459 0.994153
vt 0.351859 0.792453
vt 0.363659 0.664453
vt 0.363659 0.564053
vt 0.328459 0.884753
vt 0.316759 0.994153
vt 0.340159 0.792453
vt 0.351859 0.664453
vt 0.351859 0.564053
vt 0.316759 0.884753
vt 0.304959 0.994153
vt 0.328459 0.792453
vt 0.340159 0.664453
vt 0.304959 0.884753
vt 0.340159 0.564053
vt 0.293259 0.994153
vt 0.316759 0.792453
vt 0.328459 0.664753
vt 0.328459 0.564053
vt 0.293259 0.884953
vt 0.281559 0.994153
vt 0.304959 0.792453
vt 0.293259 0.792453
vt 0.281559 0.884953
vt 0.269859 0.994153
vt 0.316759 0.664753
vt 0.304959 0.664753
vt 0.316759 0.563853
vt 0.269859 0.884953
vt 0.258159 0.994153
vt 0.281559 0.792453
vt 0.293259 0.664753
vt 0.258159 0.884953
vt 0.246359 0.994153
vt 0.269859 0.792453
vt 0.281559 0.664753
vt 0.246359 0.884953
vt 0.234659 0.994153
vt 0.258159 0.792453
vt 0.269859 0.664753
vt 0.234659 0.884953
vt 0.223159 0.994153
vt 0.246359 0.792453
vt 0.246359 0.664753
vt 0.223159 0.884953
vt 0.211459 0.994153
vt 0.234659 0.792453
vt 0.211459 0.884953
vt 0.199759 0.994153
vt 0.223159 0.792453
vt 0.234659 0.664753
vt 0.211459 0.792453
vt 0.199759 0.884953
vt 0.188059 0.994153
vt 0.223159 0.664753
vt 0.199759 0.792453
vt 0.188059 0.884753
vt 0.176359 0.994153
vt 0.211459 0.664753
vt 0.188059 0.792453
vt 0.176359 0.884753
vt 0.164559 0.994153
vt 0.199759 0.664753
vt 0.176359 0.792453
vt 0.164559 0.884753
vt 0.152859 0.994153
vt 0.188059 0.664753
vt 0.164559 0.792453
vt 0.152859 0.884753
vt 0.141159 0.994153
vt 0.176359 0.664753
vt 0.152859 0.792453
vt 0.141159 0.884753
vt 0.129459 0.884953
vt 0.129459 0.994153
vt 0.117659 0.994153
vt 0.129459 0.792453
vt 0.117659 0.884953
vt 0.105959 0.994153
vt 0.164559 0.664753
vt 0.141159 0.792453
vt 0.152859 0.664453
vt 0.141159 0.664453
vt 0.117659 0.792453
vt 0.105959 0.884953
vt 0.094259 0.994153
vt 0.129459 0.664453
vt 0.105959 0.792453
vt 0.094259 0.884953
vt 0.082559 0.994153
vt 0.117659 0.664453
vt 0.094259 0.792453
vt 0.082559 0.884953
vt 0.070859 0.994153
vt 0.105959 0.664453
vt 0.082559 0.792453
vt 0.070859 0.884953
vt 0.059359 0.994153
vt 0.094259 0.664453
vt 0.070859 0.792453
vt 0.059359 0.884953
vt 0.047659 0.994153
vt 0.082559 0.664453
vt 0.059359 0.792453
vt 0.047659 0.884953
vt 0.035859 0.994153
vt 0.070859 0.664453
vt 0.047659 0.792453
vt 0.035859 0.884953
vt 0.024159 0.994153
vt 0.059359 0.664453
vt 0.035859 0.792453
vt 0.024159 0.884953
vt 0.012459 0.994153
vt 0.012459 0.884953
vt 0.024159 0.792453
vt 0.012459 0.792453
vt 0.047659 0.664453
vt 0.035859 0.664453
vt 0.024159 0.664453
vt 0.012459 0.664453
vt 0.012459 0.563853
vt 0.024159 0.563853
vt 0.012459 0.447153
vt 0.035859 0.563853
vt 0.024159 0.447153
vt 0.013459 0.348753
vt 0.047659 0.563853
vt 0.035859 0.447153
vt 0.025159 0.348953
vt 0.013959 0.273253
vt 0.059359 0.563853
vt 0.047659 0.447153
vt 0.036659 0.349253
vt 0.025359 0.273553
vt 0.014159 0.186053
vt 0.070859 0.563853
vt 0.059359 0.447353
vt 0.047859 0.349253
vt 0.036659 0.273553
vt 0.025359 0.186353
vt 0.014659 0.065953
vt 0.025859 0.065953
vt 0.035359 0.011253
vt 0.047159 0.015353
vt 0.036859 0.186353
vt 0.037159 0.065953
vt 0.048359 0.065953
vt 0.059059 0.016653
vt 0.048059 0.186553
vt 0.048059 0.273553
vt 0.059359 0.349453
vt 0.059359 0.273553
vt 0.059559 0.186553
vt 0.059559 0.065953
vt 0.070859 0.447353
vt 0.070859 0.349453
vt 0.070859 0.273753
vt 0.070859 0.186553
vt 0.070859 0.065953
vt 0.071059 0.014653
vt 0.082559 0.349653
vt 0.082259 0.273753
vt 0.082259 0.186553
vt 0.082259 0.065953
vt 0.094059 0.065953
vt 0.082759 0.009753
vt 0.105959 0.065953
vt 0.094059 0.186853
vt 0.105959 0.186553
vt 0.094059 0.273753
vt 0.105959 0.273753
vt 0.118159 0.186853
vt 0.117959 0.273953
vt 0.094059 0.349653
vt 0.105959 0.349953
vt 0.117959 0.349953
vt 0.129959 0.273953
vt 0.129659 0.349953
vt 0.117659 0.447653
vt 0.105959 0.447353
vt 0.094259 0.447353
vt 0.129459 0.447653
vt 0.082559 0.447353
vt 0.082559 0.564053
vt 0.094259 0.564053
vt 0.105959 0.564053
vt 0.117659 0.564053
vt 0.129459 0.564053
vt 0.141159 0.564053
vt 0.141159 0.447653
vt 0.152859 0.564053
vt 0.141359 0.350153
vt 0.152859 0.447653
vt 0.164559 0.564053
vt 0.176359 0.563853
vt 0.164559 0.447653
vt 0.152859 0.350153
vt 0.141359 0.273953
vt 0.188059 0.563853
vt 0.176359 0.447653
vt 0.164359 0.350153
vt 0.152859 0.273953
vt 0.199759 0.563853
vt 0.188059 0.447653
vt 0.176059 0.350153
vt 0.164359 0.273953
vt 0.211459 0.563853
vt 0.199759 0.447653
vt 0.187759 0.350153
vt 0.175859 0.273953
vt 0.223159 0.563853
vt 0.211459 0.447653
vt 0.199759 0.350153
vt 0.187559 0.273953
vt 0.234659 0.563853
vt 0.223159 0.447353
vt 0.211759 0.350153
vt 0.199759 0.273753
vt 0.223459 0.349953
vt 0.234659 0.447353
vt 0.211759 0.273753
vt 0.234959 0.350153
vt 0.246359 0.563853
vt 0.246359 0.447353
vt 0.258159 0.664753
vt 0.258159 0.563853
vt 0.269859 0.563853
vt 0.258159 0.447353
vt 0.281559 0.563853
vt 0.269859 0.447353
vt 0.246359 0.349953
vt 0.258159 0.350153
vt 0.293259 0.563853
vt 0.281559 0.447653
vt 0.269559 0.349953
vt 0.304959 0.563853
vt 0.293259 0.447653
vt 0.281359 0.350153
vt 0.316759 0.447653
vt 0.304959 0.447653
vt 0.293259 0.350153
vt 0.305259 0.350153
vt 0.328459 0.447653
vt 0.316959 0.350153
vt 0.340159 0.447653
vt 0.328659 0.350153
vt 0.351859 0.447653
vt 0.340159 0.350153
vt 0.363659 0.447653
vt 0.351659 0.350153
vt 0.375359 0.447653
vt 0.363159 0.349953
vt 0.386859 0.447353
vt 0.374859 0.349953
vt 0.398559 0.447353
vt 0.386859 0.349953
vt 0.410259 0.447353
vt 0.398759 0.349653
vt 0.421959 0.447353
vt 0.410459 0.349653
vt 0.422259 0.349453
vt 0.433659 0.349453
vt 0.410459 0.273753
vt 0.398759 0.273753
vt 0.422259 0.273753
vt 0.399059 0.186853
vt 0.386859 0.273753
vt 0.386859 0.186553
vt 0.374859 0.273953
vt 0.374859 0.186853
vt 0.410759 0.186553
vt 0.363159 0.273953
vt 0.363159 0.186553
vt 0.362859 0.065953
vt 0.351659 0.273953
vt 0.351659 0.186853
vt 0.351359 0.065953
vt 0.352359 0.011953
vt 0.374559 0.065953
vt 0.364359 0.007353
vt 0.340159 0.013453
vt 0.386859 0.065953
vt 0.399059 0.065953
vt 0.410259 0.009753
vt 0.421959 0.014653
vt 0.410759 0.065953
vt 0.422259 0.186553
vt 0.422259 0.065953
vt 0.433959 0.016653
vt 0.433459 0.065953
vt 0.433459 0.273553
vt 0.433459 0.186553
vt 0.444659 0.065953
vt 0.445859 0.015353
vt 0.444959 0.186553
vt 0.444959 0.273553
vt 0.444959 0.349253
vt 0.457159 0.447153
vt 0.456359 0.349253
vt 0.456159 0.273553
vt 0.456159 0.186353
vt 0.468859 0.563853
vt 0.468859 0.447153
vt 0.467859 0.348953
vt 0.480559 0.563853
vt 0.480559 0.447153
vt 0.480559 0.664453
vt 0.479359 0.348753
vt 0.468859 0.792453
vt 0.480559 0.792453
vt 0.467659 0.273553
vt 0.479159 0.273253
vt 0.468859 0.884953
vt 0.480559 0.884953
vt 0.468859 0.994153
vt 0.480559 0.994153
vt 0.467359 0.186353
vt 0.478859 0.186053
vt 0.455659 0.065953
vt 0.466959 0.065953
vt 0.457659 0.011253
vt 0.478359 0.065953
vt 0.328659 0.273953
vt 0.340159 0.273953
vt 0.328659 0.186553
vt 0.340159 0.186553
vt 0.316959 0.273953
vt 0.317259 0.186553
vt 0.340159 0.065953
vt 0.328659 0.065953
vt 0.327959 0.011953
vt 0.317259 0.065953
vt 0.305459 0.065953
vt 0.315759 0.007053
vt 0.293259 0.065953
vt 0.305259 0.186553
vt 0.305259 0.273953
vt 0.293259 0.186353
vt 0.293259 0.273753
vt 0.281059 0.065953
vt 0.270859 0.007053
vt 0.258859 0.011953
vt 0.281359 0.186353
vt 0.281359 0.273753
vt 0.269359 0.065953
vt 0.257859 0.065953
vt 0.269559 0.186353
vt 0.246359 0.013453
vt 0.269559 0.273753
vt 0.257859 0.186353
vt 0.257859 0.273753
vt 0.246359 0.065953
vt 0.246359 0.186353
vt 0.246359 0.273753
vt 0.235159 0.065953
vt 0.234159 0.011953
vt 0.234959 0.186353
vt 0.234959 0.273753
vt 0.223659 0.065953
vt 0.211959 0.065953
vt 0.222259 0.007053
vt 0.223459 0.186353
vt 0.199759 0.065953
vt 0.223459 0.273753
vt 0.211759 0.186353
vt 0.199759 0.186353
vt 0.187559 0.065953
vt 0.177059 0.007053
vt 0.165059 0.011953
vt 0.187559 0.186553
vt 0.175859 0.065953
vt 0.164359 0.065953
vt 0.175859 0.186553
vt 0.152859 0.013453
vt 0.164359 0.186553
vt 0.152859 0.065953
vt 0.152859 0.186553
vt 0.141359 0.065953
vt 0.140659 0.011953
vt 0.141359 0.186853
vt 0.129959 0.065953
vt 0.129959 0.186553
vt 0.118159 0.065953
vt 0.128459 0.007353
vt 0.940459 0.393153
vt 0.949659 0.213153
vt 0.937259 0.393153
vt 0.941859 0.212653
vt 0.934059 0.392953
vt 0.957759 0.213653
vt 0.943359 0.393453
vt 0.944359 0.127953
vt 0.965559 0.214453
vt 0.946559 0.393853
vt 0.954559 0.128253
vt 0.973359 0.215653
vt 0.949659 0.394153
vt 0.964859 0.128953
vt 0.975059 0.129953
vt 0.985359 0.131153
vt 0.997059 0.006853
vt 0.984659 0.006853
vt 0.971959 0.006853
vt 0.959259 0.006853
vt 0.946759 0.006853
vt 0.934059 0.127753
vt 0.934059 0.006853
vt 0.934059 0.212653
vt 0.930859 0.393153
vt 0.923759 0.127953
vt 0.921659 0.006853
vt 0.926259 0.212653
vt 0.927959 0.393153
vt 0.913559 0.128253
vt 0.908959 0.006853
vt 0.918459 0.213153
vt 0.924759 0.393453
vt 0.903559 0.128953
vt 0.896259 0.006853
vt 0.910659 0.213653
vt 0.921659 0.393853
vt 0.893259 0.129953
vt 0.883759 0.006853
vt 0.902759 0.214453
vt 0.918659 0.394153
vt 0.894759 0.215653
vt 0.883059 0.131153
vt 0.871059 0.006853
vt 0.859059 0.131153
vt 0.849059 0.129953
vt 0.858559 0.006853
vt 0.847359 0.215653
vt 0.838859 0.128953
vt 0.845859 0.006853
vt 0.839559 0.214453
vt 0.820559 0.393853
vt 0.823459 0.394153
vt 0.817359 0.393453
vt 0.831759 0.213653
vt 0.814159 0.393153
vt 0.828559 0.128253
vt 0.833259 0.006853
vt 0.823659 0.212953
vt 0.811259 0.393153
vt 0.818359 0.127953
vt 0.820759 0.006853
vt 0.815859 0.212653
vt 0.808059 0.212453
vt 0.808059 0.392953
vt 0.808059 0.127753
vt 0.808059 0.006853
vt 0.804859 0.393153
vt 0.797759 0.127953
vt 0.795359 0.006853
vt 0.800259 0.212653
vt 0.801959 0.393153
vt 0.787559 0.128453
vt 0.782859 0.006853
vt 0.792459 0.212953
vt 0.798759 0.393453
vt 0.777259 0.128953
vt 0.770159 0.006853
vt 0.784659 0.213653
vt 0.795559 0.393853
vt 0.767259 0.129953
vt 0.757759 0.006853
vt 0.776559 0.214453
vt 0.792659 0.394153
vt 0.768759 0.215653
vt 0.757059 0.131153
vt 0.745059 0.006853
vt 0.733059 0.131153
vt 0.722859 0.129953
vt 0.732359 0.006853
vt 0.721359 0.215653
vt 0.712859 0.128953
vt 0.719859 0.006853
vt 0.713559 0.214453
vt 0.694459 0.393853
vt 0.697459 0.394153
vt 0.691359 0.393453
vt 0.705459 0.213653
vt 0.688159 0.393153
vt 0.702559 0.128453
vt 0.707159 0.006853
vt 0.697659 0.212953
vt 0.685259 0.393153
vt 0.692259 0.127953
vt 0.694759 0.006853
vt 0.689859 0.212653
vt 0.682059 0.392953
vt 0.682059 0.127753
vt 0.682059 0.006853
vt 0.682059 0.212453
vt 0.678859 0.393153
vt 0.671759 0.127953
vt 0.669359 0.006853
vt 0.674259 0.212653
vt 0.675959 0.393153
vt 0.661559 0.128253
vt 0.656859 0.006853
vt 0.666459 0.212953
vt 0.672759 0.393453
vt 0.651259 0.128953
vt 0.644159 0.006853
vt 0.658359 0.213653
vt 0.669559 0.393853
vt 0.641059 0.129953
vt 0.631459 0.006853
vt 0.650559 0.214453
vt 0.666659 0.394153
vt 0.642759 0.215653
vt 0.631059 0.131153
vt 0.619059 0.006853
vt 0.607059 0.131153
vt 0.596859 0.129953
vt 0.606359 0.006853
vt 0.595359 0.215653
vt 0.586559 0.128953
vt 0.593859 0.006853
vt 0.587259 0.214453
vt 0.568459 0.393853
vt 0.571459 0.394153
vt 0.565359 0.393453
vt 0.579459 0.213653
vt 0.562159 0.393153
vt 0.576559 0.128253
vt 0.581159 0.006853
vt 0.571659 0.213153
vt 0.558959 0.393153
vt 0.566259 0.127953
vt 0.568459 0.006853
vt 0.563859 0.212653
vt 0.556059 0.392953
vt 0.556059 0.127753
vt 0.556059 0.006853
vt 0.556059 0.212653
vt 0.552859 0.393153
vt 0.545759 0.127953
vt 0.543359 0.006853
vt 0.548259 0.212653
vt 0.549659 0.393153
vt 0.535559 0.128253
vt 0.530859 0.006853
vt 0.540159 0.213153
vt 0.546759 0.393453
vt 0.525259 0.128953
vt 0.518159 0.006853
vt 0.532359 0.213653
vt 0.543559 0.393853
vt 0.515059 0.129953
vt 0.505459 0.006853
vt 0.524559 0.214453
vt 0.540459 0.394153
vt 0.516759 0.215653
vt 0.504759 0.131153
vt 0.493059 0.006853
vt 0.859588 0.930350
vt 0.859382 0.931283
vt 0.858774 0.931118
vt 0.859588 0.929392
vt 0.858075 0.932673
vt 0.858959 0.929423
vt 0.859085 0.932193
vt 0.859495 0.928439
vt 0.858601 0.933017
vt 0.859200 0.927530
vt 0.856929 0.933936
vt 0.858611 0.927754
vt 0.858039 0.933792
vt 0.858817 0.926655
vt 0.857323 0.934427
vt 0.858255 0.925880
vt 0.855449 0.934783
vt 0.857764 0.926274
vt 0.856550 0.934989
vt 0.857620 0.925164
vt 0.855673 0.935371
vt 0.856847 0.924601
vt 0.853779 0.935131
vt 0.856501 0.925129
vt 0.854762 0.935667
vt 0.856021 0.924118
vt 0.853811 0.935759
vt 0.855112 0.923822
vt 0.852085 0.934946
vt 0.854946 0.924429
vt 0.852854 0.935759
vt 0.854178 0.923615
vt 0.851919 0.935553
vt 0.853220 0.923615
vt 0.850530 0.934246
vt 0.853251 0.924244
vt 0.851010 0.935257
vt 0.852269 0.923708
vt 0.850184 0.934774
vt 0.851359 0.924004
vt 0.849267 0.933101
vt 0.851582 0.924592
vt 0.849412 0.934211
vt 0.850481 0.924386
vt 0.848776 0.933495
vt 0.849708 0.924948
vt 0.848420 0.931621
vt 0.850101 0.925440
vt 0.848214 0.932720
vt 0.848992 0.925583
vt 0.847832 0.931845
vt 0.848430 0.926358
vt 0.848072 0.929952
vt 0.848957 0.926702
vt 0.847537 0.930936
vt 0.847946 0.927182
vt 0.847444 0.929983
vt 0.847649 0.928092
vt 0.848257 0.928257
vt 0.847444 0.929025
vt 0.844659 0.877653
vt 0.846659 0.889353
vt 0.826859 0.883253
vt 0.861259 0.889353
vt 0.832259 0.893753
vt 0.863259 0.877853
vt 0.811259 0.894553
vt 0.875459 0.894053
vt 0.819759 0.903053
vt 0.880859 0.883753
vt 0.800459 0.910153
vt 0.887459 0.902853
vt 0.810959 0.915253
vt 0.895759 0.894753
vt 0.795159 0.927753
vt 0.895959 0.915053
vt 0.806559 0.929453
vt 0.906459 0.909653
vt 0.795359 0.946253
vt 0.900559 0.928953
vt 0.806859 0.944353
vt 0.912059 0.927253
vt 0.801259 0.963653
vt 0.900559 0.943853
vt 0.811459 0.958253
vt 0.912059 0.945753
vt 0.812159 0.978553
vt 0.895959 0.957953
vt 0.820259 0.970253
vt 0.906459 0.963153
vt 0.827059 0.989253
vt 0.887459 0.969953
vt 0.832259 0.978753
vt 0.895459 0.978253
vt 0.844659 0.994853
vt 0.875459 0.978753
vt 0.846359 0.983353
vt 0.880559 0.989053
vt 0.863259 0.994853
vt 0.861259 0.983353
vt 0.847359 0.894253
vt 0.860559 0.894253
vt 0.834659 0.898153
vt 0.873259 0.898453
vt 0.823159 0.906453
vt 0.883959 0.906253
vt 0.815359 0.917453
vt 0.891859 0.917253
vt 0.811459 0.930153
vt 0.895759 0.929653
vt 0.811459 0.943353
vt 0.895759 0.943053
vt 0.815859 0.956053
vt 0.891859 0.955753
vt 0.823659 0.966753
vt 0.883959 0.966553
vt 0.834459 0.974553
vt 0.873259 0.974353
vt 0.847159 0.978553
vt 0.860559 0.978553
vt 0.909659 0.669153
vt 0.904059 0.669153
vt 0.909659 0.673553
vt 0.904059 0.673553
vt 0.915459 0.673553
vt 0.915459 0.669153
vt 0.921359 0.673553
vt 0.921359 0.669153
vt 0.926959 0.673553
vt 0.926959 0.669153
vt 0.932859 0.673553
vt 0.932859 0.669153
vt 0.938659 0.673553
vt 0.938659 0.669153
vt 0.944359 0.673553
vt 0.944359 0.669153
vt 0.950159 0.673553
vt 0.950159 0.669153
vt 0.956059 0.673553
vt 0.956059 0.669153
vt 0.961659 0.673553
vt 0.961659 0.669153
vt 0.967559 0.673553
vt 0.967559 0.669153
vt 0.973359 0.673553
vt 0.973359 0.669153
vt 0.978959 0.673553
vt 0.978959 0.669153
vt 0.984859 0.673553
vt 0.984859 0.669153
vt 0.990759 0.673553
vt 0.990759 0.669153
vt 0.996559 0.673553
vt 0.996559 0.669153
vt 0.941159 0.636353
vt 0.943559 0.632753
vt 0.932859 0.628053
vt 0.937259 0.639053
vt 0.944559 0.628053
vt 0.932859 0.640053
vt 0.943559 0.623653
vt 0.928159 0.639053
vt 0.941159 0.619753
vt 0.924259 0.636353
vt 0.937259 0.617053
vt 0.921859 0.632753
vt 0.932859 0.616353
vt 0.920859 0.628053
vt 0.928159 0.617053
vt 0.921859 0.623653
vt 0.924259 0.619753
vt 0.909659 0.657153
vt 0.904059 0.657153
vt 0.909659 0.659553
vt 0.904059 0.659553
vt 0.915459 0.659553
vt 0.915459 0.657153
vt 0.921359 0.659553
vt 0.921359 0.657153
vt 0.926959 0.659553
vt 0.926959 0.657153
vt 0.932859 0.659553
vt 0.932859 0.657153
vt 0.938659 0.659553
vt 0.938659 0.657153
vt 0.944359 0.659553
vt 0.944359 0.657153
vt 0.950159 0.659553
vt 0.950159 0.657153
vt 0.956059 0.659553
vt 0.956059 0.657153
vt 0.961659 0.659553
vt 0.961659 0.657153
vt 0.967559 0.659553
vt 0.967559 0.657153
vt 0.973359 0.659553
vt 0.973359 0.657153
vt 0.978959 0.659553
vt 0.978959 0.657153
vt 0.984859 0.659553
vt 0.984859 0.657153
vt 0.990759 0.659553
vt 0.990759 0.657153
vt 0.996559 0.659553
vt 0.996559 0.657153
vt 0.989759 0.632253
vt 0.989759 0.624953
vt 0.971959 0.628553
vt 0.987059 0.638853
vt 0.987059 0.618353
vt 0.981959 0.643753
vt 0.982159 0.613453
vt 0.975359 0.646353
vt 0.975559 0.610453
vt 0.968259 0.646353
vt 0.968259 0.610453
vt 0.961659 0.643753
vt 0.961659 0.613453
vt 0.956759 0.638553
vt 0.956759 0.618353
vt 0.953859 0.631953
vt 0.954059 0.624953
vt 0.768759 0.856653
vt 0.768259 0.850053
vt 0.774359 0.857153
vt 0.773159 0.848153
vt 0.766559 0.850053
vt 0.768259 0.847153
vt 0.767559 0.856653
vt 0.773859 0.837853
vt 0.762859 0.850053
vt 0.766559 0.847153
vt 0.762859 0.856653
vt 0.767259 0.836353
vt 0.769259 0.836653
vt 0.775359 0.834453
vt 0.770959 0.832753
vt 0.768759 0.831453
vt 0.766059 0.832753
vt 0.762859 0.847653
vt 0.762859 0.836653
vt 0.762659 0.832953
vt 0.759259 0.850053
vt 0.759259 0.847153
vt 0.758259 0.836653
vt 0.759459 0.832953
vt 0.756559 0.831453
vt 0.756259 0.836653
vt 0.754559 0.832753
vt 0.751659 0.837853
vt 0.750159 0.834653
vt 0.752659 0.848353
vt 0.757459 0.847153
vt 0.757459 0.850053
vt 0.757059 0.856653
vt 0.751659 0.857353
vt 0.758259 0.856653
vt 0.751159 0.863953
vt 0.744359 0.863953
vt 0.751159 0.866953
vt 0.744359 0.866953
vt 0.757959 0.866953
vt 0.757959 0.863953
vt 0.764859 0.866953
vt 0.764859 0.863953
vt 0.771659 0.866953
vt 0.771659 0.863953
vt 0.778459 0.866953
vt 0.778459 0.863953
vt 0.785559 0.866953
vt 0.785559 0.863953
vt 0.792459 0.866953
vt 0.792459 0.863953
vt 0.799259 0.866953
vt 0.799259 0.863953
vt 0.806059 0.866953
vt 0.806059 0.863953
vt 0.812959 0.866953
vt 0.812959 0.863953
vt 0.819759 0.866953
vt 0.819759 0.863953
vt 0.826659 0.866953
vt 0.826659 0.863953
vt 0.833459 0.866953
vt 0.833459 0.863953
vt 0.840259 0.866953
vt 0.840259 0.863953
vt 0.847159 0.866953
vt 0.847159 0.863953
vt 0.853959 0.866953
vt 0.853959 0.863953
vt 0.681359 0.858153
vt 0.682559 0.852053
vt 0.677859 0.863253
vt 0.672759 0.866653
vt 0.666959 0.867853
vt 0.660759 0.866653
vt 0.655659 0.863253
vt 0.652259 0.858153
vt 0.651059 0.852053
vt 0.652259 0.846153
vt 0.655659 0.841053
vt 0.660759 0.837653
vt 0.666959 0.836353
vt 0.672759 0.837653
vt 0.677859 0.841053
vt 0.681359 0.846153
vt 0.000000 0.000000
s 1
f 3/1/1 2/2/1 1/3/2
f 4/4/2 1/3/2 2/2/1
f 2/2/1 3/1/1 5/5/3
f 6/6/3 5/5/3 3/1/1
f 5/5/3 6/6/3 7/7/4
f 8/8/4 7/7/4 6/6/3
f 7/7/4 8/8/4 9/9/5
f 10/10/5 9/9/5 8/8/4
f 9/9/5 10/10/5 11/11/6
f 12/12/6 11/11/6 10/10/5
f 11/11/6 12/12/6 13/13/7
f 14/14/7 13/13/7 12/12/6
f 13/13/7 14/14/7 15/15/8
f 16/16/8 15/15/8 14/14/7
f 15/15/8 16/16/8 17/17/9
f 18/18/9 17/17/9 16/16/8
f 17/17/9 18/18/9 19/19/10
f 20/20/10 19/19/10 18/18/9
f 19/19/10 20/20/10 21/21/11
f 22/22/12 21/21/11 20/20/10
f 21/21/11 22/22/12 23/23/13
f 24/24/13 23/23/13 22/22/12
f 23/23/13 24/24/13 25/25/14
f 26/26/14 25/25/14 24/24/13
f 25/25/14 26/26/14 27/27/15
f 28/28/15 27/27/15 26/26/14
f 27/27/15 28/28/15 29/29/16
f 30/30/16 29/29/16 28/28/15
f 29/29/16 30/30/16 31/31/17
f 32/32/17 31/31/17 30/30/16
f 31/31/17 32/32/17 33/33/18
f 34/34/18 33/33/18 32/32/17
f 33/33/18 34/34/18 35/35/19
f 36/36/19 35/35/19 34/34/18
f 35/35/19 36/36/19 37/37/20
f 38/38/20 37/37/20 36/36/19
f 37/37/20 38/38/20 39/39/21
f 40/40/21 39/39/21 38/38/20
f 39/39/21 40/40/21 41/41/22
f 42/42/22 41/41/22 40/40/21
f 47/43/23 46/44/23 45/45/23
f 49/46/24 48/47/24 46/44/24
f 45/45/25 50/48/26 51/49/27
f 52/50/28 51/49/27 50/48/26
f 54/51/29 53/52/30 48/47/29
f 55/53/30 48/47/29 53/52/30
f 58/54/31 56/55/32 57/56/33
f 59/57/32 57/56/33 56/55/32
f 56/55/32 60/58/34 59/57/32
f 61/59/34 59/57/32 60/58/34
f 60/58/34 62/60/35 61/59/34
f 63/61/35 61/59/34 62/60/35
f 62/60/35 64/62/36 63/61/35
f 65/63/36 63/61/35 64/62/36
f 64/62/36 66/64/37 65/63/36
f 67/65/37 65/63/36 66/64/37
f 66/64/37 68/66/38 67/65/37
f 69/67/38 67/65/37 68/66/38
f 69/67/38 68/66/38 70/68/39
f 71/69/40 70/68/39 68/66/38
f 73/70/41 72/71/42 70/68/43
f 74/48/44 70/68/43 72/71/42
f 77/72/45 75/73/45 76/74/45
f 79/75/46 76/74/46 78/76/46
f 81/77/47 75/73/48 80/78/49
f 82/79/50 80/78/49 75/73/48
f 78/76/51 83/80/52 84/81/53
f 85/82/54 84/81/53 83/80/52
f 88/83/55 86/84/56 87/85/57
f 89/86/58 87/85/57 86/84/56
f 86/84/56 90/87/59 89/86/58
f 91/88/59 89/86/58 90/87/59
f 90/87/59 92/89/60 91/88/59
f 93/90/61 91/88/59 92/89/60
f 87/85/62 94/53/63 95/91/64
f 96/92/65 95/91/64 94/53/63
f 98/93/66 97/94/67 93/90/68
f 99/95/67 93/90/68 97/94/67
f 97/94/67 100/96/69 99/95/67
f 101/97/69 99/95/67 100/96/69
f 100/96/69 102/98/70 101/97/69
f 103/99/71 101/97/69 102/98/70
f 103/99/71 102/98/70 104/100/72
f 105/101/73 104/100/72 102/98/70
f 107/102/74 106/103/75 104/100/76
f 108/80/77 104/100/76 106/103/75
f 111/104/78 109/105/79 110/77/80
f 57/56/81 110/77/80 109/105/79
f 114/106/82 112/107/82 113/108/83
f 115/109/83 113/108/83 112/107/82
f 115/109/83 116/110/84 113/108/83
f 117/111/84 113/108/83 116/110/84
f 116/110/85 118/112/86 117/111/85
f 119/113/86 117/111/85 118/112/86
f 119/113/86 118/112/86 120/114/87
f 121/115/88 120/114/87 118/112/86
f 121/115/88 122/116/89 120/114/87
f 123/117/90 120/114/87 122/116/89
f 123/117/91 122/116/92 124/118/93
f 125/119/93 124/118/93 122/116/92
f 128/115/94 126/116/95 127/112/96
f 129/109/96 127/112/96 126/116/95
f 130/110/96 127/112/96 129/109/96
f 129/109/96 126/116/95 131/119/96
f 129/109/96 131/119/96 132/107/96
f 135/109/97 133/112/97 134/110/97
f 135/109/97 136/116/97 133/112/97
f 137/115/97 133/112/97 136/116/97
f 135/109/97 138/119/97 136/116/97
f 139/107/97 138/119/97 135/109/97
f 142/120/98 140/121/98 141/122/99
f 143/123/99 141/122/99 140/121/98
f 143/123/99 144/124/100 141/122/99
f 145/125/100 141/122/99 144/124/100
f 144/124/101 146/126/102 145/125/101
f 147/127/102 145/125/101 146/126/102
f 147/127/102 146/126/102 148/128/103
f 149/129/104 148/128/103 146/126/102
f 149/129/104 150/130/105 148/128/103
f 151/131/106 148/128/103 150/130/105
f 151/131/107 150/130/107 152/132/108
f 153/133/109 152/132/108 150/130/107
f 156/129/110 154/130/110 155/134/110
f 157/123/110 155/134/110 154/130/110
f 158/124/110 155/134/110 157/123/110
f 157/123/110 154/130/110 159/133/110
f 157/123/110 159/133/110 160/121/110
f 163/123/111 161/126/111 162/124/111
f 163/123/111 164/130/111 161/126/111
f 165/129/112 161/126/111 164/130/111
f 163/123/111 166/133/111 164/130/111
f 167/121/111 166/133/111 163/123/111
f 170/135/82 168/136/82 169/137/113
f 171/138/113 169/137/113 168/136/82
f 171/138/113 172/139/114 169/137/113
f 173/140/114 169/137/113 172/139/114
f 172/139/115 174/141/116 173/140/115
f 175/142/116 173/140/115 174/141/116
f 175/142/116 174/141/116 176/143/117
f 177/144/118 176/143/117 174/141/116
f 177/144/118 178/145/119 176/143/117
f 179/146/120 176/143/117 178/145/119
f 179/146/121 178/145/121 180/147/122
f 181/148/123 180/147/122 178/145/121
f 184/144/97 182/145/97 183/149/97
f 185/138/97 183/149/97 182/145/97
f 186/139/97 183/149/97 185/138/97
f 185/138/97 182/145/97 187/148/97
f 185/138/97 187/148/97 188/150/97
f 191/138/96 189/141/96 190/139/96
f 191/138/96 192/145/96 189/141/96
f 193/144/96 189/141/96 192/145/96
f 191/138/96 194/148/96 192/145/96
f 195/136/96 194/148/96 191/138/96
f 198/151/82 196/152/82 197/153/124
f 199/154/124 197/153/124 196/152/82
f 199/154/124 200/155/125 197/153/124
f 201/156/125 197/153/124 200/155/125
f 200/155/126 202/157/127 201/156/126
f 203/158/127 201/156/126 202/157/127
f 203/158/127 202/157/127 204/159/128
f 205/160/129 204/159/128 202/157/127
f 205/160/129 206/161/130 204/159/128
f 207/162/131 204/159/128 206/161/130
f 207/162/132 206/161/132 208/163/133
f 209/164/133 208/163/133 206/161/132
f 212/160/111 210/161/111 211/157/111
f 213/154/111 211/157/111 210/161/111
f 214/155/111 211/157/111 213/154/111
f 213/154/111 210/161/111 215/164/111
f 213/154/111 215/164/111 216/152/111
f 219/154/110 217/157/110 218/155/110
f 219/154/110 220/161/110 217/157/110
f 221/160/110 217/157/110 220/161/110
f 219/154/110 222/164/110 220/161/110
f 223/152/110 222/164/110 219/154/110
f 226/165/134 224/166/134 225/167/134
f 227/168/134 225/167/134 224/166/134
f 230/169/135 228/170/136 229/166/135
f 231/171/137 229/166/135 228/170/136
f 228/170/136 232/172/138 231/171/137
f 233/173/139 231/171/137 232/172/138
f 233/173/139 232/172/138 234/174/140
f 235/175/141 234/174/140 232/172/138
f 234/174/140 235/175/141 236/176/142
f 237/177/142 236/176/142 235/175/141
f 240/168/143 238/178/144 239/179/145
f 241/180/146 239/179/145 238/178/144
f 238/178/144 242/181/147 241/180/146
f 243/182/148 241/180/146 242/181/147
f 243/182/148 242/181/147 244/183/149
f 245/184/150 244/183/149 242/181/147
f 244/183/149 245/184/150 246/185/151
f 247/186/152 246/185/151 245/184/150
f 250/166/153 248/171/154 249/168/155
f 251/178/156 249/168/155 248/171/154
f 248/171/154 252/173/157 251/178/156
f 253/181/158 251/178/156 252/173/157
f 253/181/158 252/173/157 254/184/159
f 255/174/160 254/184/159 252/173/157
f 254/184/159 255/174/160 256/186/161
f 257/176/162 256/186/161 255/174/160
f 260/186/163 258/176/163 259/187/163
f 261/188/163 259/187/163 258/176/163
f 264/189/164 262/190/165 263/191/166
f 264/189/164 263/191/166 265/192/167
f 262/190/165 264/189/164 266/193/168
f 267/194/169 263/191/166 262/190/165
f 265/192/167 268/195/170 264/189/164
f 269/196/171 265/192/167 263/191/166
f 270/197/172 264/189/164 268/195/170
f 270/197/172 266/193/168 264/189/164
f 268/195/170 265/192/167 271/198/173
f 266/193/168 272/199/174 262/190/165
f 265/192/167 269/196/171 273/200/175
f 273/200/175 271/198/173 265/192/167
f 263/191/166 274/201/176 269/196/171
f 263/191/166 267/194/169 274/201/176
f 262/190/165 275/202/177 267/194/169
f 275/202/177 262/190/165 272/199/174
f 272/199/174 276/203/178 275/202/177
f 277/204/179 275/202/177 276/203/178
f 276/203/178 272/199/174 278/205/180
f 275/202/177 277/204/179 279/206/181
f 279/206/181 267/194/169 275/202/177
f 280/207/182 279/206/181 277/204/179
f 281/208/183 278/205/180 272/199/174
f 272/199/174 266/193/168 281/208/183
f 278/205/180 281/208/183 282/209/184
f 283/210/185 281/208/183 266/193/168
f 284/211/186 282/209/184 281/208/183
f 281/208/183 283/210/185 284/211/186
f 282/209/184 284/211/186 285/212/187
f 266/193/168 270/197/172 283/210/185
f 286/213/188 285/212/187 284/211/186
f 285/212/187 286/213/188 287/214/189
f 288/215/190 284/211/186 283/210/185
f 284/211/186 288/215/190 286/213/188
f 289/216/191 283/210/185 270/197/172
f 283/210/185 289/216/191 288/215/190
f 289/216/191 270/197/172 290/217/192
f 268/195/170 290/217/192 270/197/172
f 291/218/193 287/214/189 286/213/188
f 287/214/189 291/218/193 292/219/194
f 293/220/195 286/213/188 288/215/190
f 286/213/188 293/220/195 291/218/193
f 294/221/196 288/215/190 289/216/191
f 288/215/190 294/221/196 293/220/195
f 290/217/192 295/222/197 289/216/191
f 294/221/196 289/216/191 295/222/197
f 296/223/198 292/219/194 291/218/193
f 292/219/194 296/223/198 297/224/199
f 298/225/200 291/218/193 293/220/195
f 291/218/193 298/225/200 296/223/198
f 299/226/201 293/220/195 294/221/196
f 293/220/195 299/226/201 298/225/200
f 295/222/197 300/227/202 294/221/196
f 299/226/201 294/221/196 300/227/202
f 301/228/203 297/224/199 296/223/198
f 297/224/199 301/228/203 302/229/204
f 303/230/205 296/223/198 298/225/200
f 296/223/198 303/230/205 301/228/203
f 304/231/206 298/225/200 299/226/201
f 298/225/200 304/231/206 303/230/205
f 300/227/202 305/232/207 299/226/201
f 304/231/206 299/226/201 305/232/207
f 306/233/208 302/229/204 301/228/203
f 302/229/204 306/233/208 307/234/209
f 308/235/210 301/228/203 303/230/205
f 301/228/203 308/235/210 306/233/208
f 309/236/211 303/230/205 304/231/206
f 303/230/205 309/236/211 308/235/210
f 305/232/207 310/237/212 304/231/206
f 309/236/211 304/231/206 310/237/212
f 311/238/213 307/234/209 306/233/208
f 307/234/209 311/238/213 312/239/214
f 313/240/215 306/233/208 308/235/210
f 306/233/208 313/240/215 311/238/213
f 314/241/216 308/235/210 309/236/211
f 308/235/210 314/241/216 313/240/215
f 310/237/212 315/242/217 309/236/211
f 314/241/216 309/236/211 315/242/217
f 316/243/218 312/239/214 311/238/213
f 312/239/214 316/243/218 317/244/219
f 318/245/220 311/238/213 313/240/215
f 311/238/213 318/245/220 316/243/218
f 319/246/221 313/240/215 314/241/216
f 313/240/215 319/246/221 318/245/220
f 315/242/217 320/247/222 314/241/216
f 319/246/221 314/241/216 320/247/222
f 321/248/223 317/244/219 316/243/218
f 317/244/219 321/248/223 322/249/224
f 323/250/225 316/243/218 318/245/220
f 316/243/218 323/250/225 321/248/223
f 324/251/226 318/245/220 319/246/221
f 318/245/220 324/251/226 323/250/225
f 325/252/227 322/249/224 321/248/223
f 324/251/226 319/246/221 326/253/228
f 320/247/222 326/253/228 319/246/221
f 322/249/224 325/252/227 327/254/229
f 328/255/230 321/248/223 323/250/225
f 321/248/223 328/255/230 325/252/227
f 329/256/231 323/250/225 324/251/226
f 323/250/225 329/256/231 328/255/230
f 326/253/228 330/257/232 324/251/226
f 329/256/231 324/251/226 330/257/232
f 331/258/233 327/254/229 325/252/227
f 327/254/229 331/258/233 332/259/234
f 333/260/235 325/252/227 328/255/230
f 331/258/233 325/252/227 334/261/236
f 333/260/235 334/261/236 325/252/227
f 335/262/237 332/259/234 331/258/233
f 331/258/233 334/261/236 335/262/237
f 332/259/234 335/262/237 336/263/238
f 328/255/230 337/264/239 333/260/235
f 337/264/239 328/255/230 329/256/231
f 333/260/235 338/265/240 334/261/236
f 338/265/240 333/260/235 337/264/239
f 337/264/239 329/256/231 339/266/241
f 330/257/232 339/266/241 329/256/231
f 337/264/239 339/266/241 338/265/240
f 340/267/242 336/263/238 335/262/237
f 336/263/238 340/267/242 341/268/243
f 342/269/244 335/262/237 334/261/236
f 335/262/237 342/269/244 340/267/242
f 343/270/245 334/261/236 338/265/240
f 334/261/236 343/270/245 342/269/244
f 344/271/246 341/268/243 340/267/242
f 341/268/243 344/271/246 345/272/247
f 346/273/248 340/267/242 342/269/244
f 340/267/242 346/273/248 344/271/246
f 347/274/249 342/269/244 343/270/245
f 342/269/244 347/274/249 346/273/248
f 348/275/250 345/272/247 344/271/246
f 345/272/247 348/275/250 349/276/251
f 350/277/252 344/271/246 346/273/248
f 344/271/246 350/277/252 348/275/250
f 351/278/253 346/273/248 347/274/249
f 346/273/248 351/278/253 350/277/252
f 352/279/254 349/276/251 348/275/250
f 349/276/251 352/279/254 353/280/255
f 354/281/256 348/275/250 350/277/252
f 348/275/250 354/281/256 352/279/254
f 354/281/256 350/277/252 355/282/257
f 356/283/258 353/280/255 352/279/254
f 353/280/255 356/283/258 357/284/259
f 358/285/260 352/279/254 354/281/256
f 352/279/254 358/285/260 356/283/258
f 354/281/256 355/282/257 358/285/260
f 359/286/261 357/284/259 356/283/258
f 357/284/259 359/286/261 360/287/262
f 361/288/263 356/283/258 358/285/260
f 356/283/258 361/288/263 359/286/261
f 358/285/260 362/289/264 361/288/263
f 362/289/264 358/285/260 355/282/257
f 363/290/265 359/286/261 361/288/263
f 364/291/266 360/287/262 359/286/261
f 359/286/261 363/290/265 364/291/266
f 360/287/262 364/291/266 365/292/267
f 361/288/263 366/293/268 363/290/265
f 366/293/268 361/288/263 362/289/264
f 367/294/269 364/291/266 363/290/265
f 368/295/270 365/292/267 364/291/266
f 364/291/266 367/294/269 368/295/270
f 365/292/267 368/295/270 369/296/271
f 363/290/265 370/297/272 367/294/269
f 370/297/272 363/290/265 366/293/268
f 371/298/273 368/295/270 367/294/269
f 372/299/274 369/296/271 368/295/270
f 368/295/270 371/298/273 372/299/274
f 369/296/271 372/299/274 373/300/275
f 367/294/269 374/301/276 371/298/273
f 374/301/276 367/294/269 370/297/272
f 375/302/277 372/299/274 371/298/273
f 376/303/278 373/300/275 372/299/274
f 372/299/274 375/302/277 376/303/278
f 373/300/275 376/303/278 377/304/279
f 371/298/273 378/305/280 375/302/277
f 378/305/280 371/298/273 374/301/276
f 379/306/281 376/303/278 375/302/277
f 380/307/282 377/304/279 376/303/278
f 376/303/278 379/306/281 380/307/282
f 377/304/279 380/307/282 381/308/283
f 375/302/277 382/309/284 379/306/281
f 382/309/284 375/302/277 378/305/280
f 383/310/285 380/307/282 379/306/281
f 384/311/286 381/308/283 380/307/282
f 380/307/282 383/310/285 384/311/286
f 384/311/286 385/312/287 381/308/283
f 386/313/288 381/308/283 385/312/287
f 386/313/288 385/312/287 387/314/289
f 385/312/287 384/311/286 388/315/290
f 389/316/291 387/314/289 385/312/287
f 385/312/287 388/315/290 389/316/291
f 387/314/289 389/316/291 390/317/292
f 379/306/281 391/318/293 383/310/285
f 391/318/293 379/306/281 382/309/284
f 392/319/294 384/311/286 383/310/285
f 392/319/294 388/315/290 384/311/286
f 393/320/295 383/310/285 391/318/293
f 383/310/285 393/320/295 392/319/294
f 392/319/294 394/321/296 388/315/290
f 394/321/296 392/319/294 393/320/295
f 395/322/297 389/316/291 388/315/290
f 396/323/298 390/317/292 389/316/291
f 389/316/291 395/322/297 396/323/298
f 390/317/292 396/323/298 397/324/299
f 388/315/290 398/325/300 395/322/297
f 398/325/300 388/315/290 394/321/296
f 399/326/301 396/323/298 395/322/297
f 400/327/302 397/324/299 396/323/298
f 396/323/298 399/326/301 400/327/302
f 397/324/299 400/327/302 401/328/303
f 395/322/297 402/329/304 399/326/301
f 402/329/304 395/322/297 398/325/300
f 403/330/305 400/327/302 399/326/301
f 404/331/306 401/328/303 400/327/302
f 400/327/302 403/330/305 404/331/306
f 401/328/303 404/331/306 405/332/307
f 399/326/301 406/333/308 403/330/305
f 406/333/308 399/326/301 402/329/304
f 407/334/309 404/331/306 403/330/305
f 408/335/310 405/332/307 404/331/306
f 404/331/306 407/334/309 408/335/310
f 405/332/307 408/335/310 409/336/311
f 403/330/305 410/337/312 407/334/309
f 410/337/312 403/330/305 406/333/308
f 411/338/313 408/335/310 407/334/309
f 412/339/314 409/336/311 408/335/310
f 408/335/310 411/338/313 412/339/314
f 409/336/311 412/339/314 413/340/315
f 407/334/309 414/341/316 411/338/313
f 414/341/316 407/334/309 410/337/312
f 415/342/317 412/339/314 411/338/313
f 416/343/318 413/340/315 412/339/314
f 412/339/314 415/342/317 416/343/318
f 413/340/315 416/343/318 417/344/319
f 411/338/313 418/345/320 415/342/317
f 418/345/320 411/338/313 414/341/316
f 419/346/321 416/343/318 415/342/317
f 420/347/322 417/344/319 416/343/318
f 416/343/318 419/346/321 420/347/322
f 417/344/319 420/347/322 421/348/323
f 415/342/317 422/349/324 419/346/321
f 422/349/324 415/342/317 418/345/320
f 423/350/325 420/347/322 419/346/321
f 424/351/326 421/348/323 420/347/322
f 420/347/322 423/350/325 424/351/326
f 421/348/323 424/351/326 425/352/327
f 426/353/328 425/352/327 424/351/326
f 424/351/326 427/354/329 426/353/328
f 427/354/329 424/351/326 423/350/325
f 428/355/330 426/353/328 427/354/329
f 419/346/321 429/356/331 423/350/325
f 429/356/331 419/346/321 422/349/324
f 423/350/325 430/357/332 427/354/329
f 430/357/332 423/350/325 429/356/331
f 427/354/329 431/358/333 428/355/330
f 431/358/333 427/354/329 430/357/332
f 432/359/334 428/355/330 431/358/333
f 432/359/334 431/358/333 433/360/335
f 434/361/336 433/360/335 431/358/333
f 431/358/333 430/357/332 434/361/336
f 433/360/335 434/361/336 435/362/337
f 430/357/332 429/356/331 436/363/338
f 436/363/338 434/361/336 430/357/332
f 437/364/339 435/362/337 434/361/336
f 434/361/336 436/363/338 437/364/339
f 435/362/337 437/364/339 438/365/340
f 439/366/341 436/363/338 429/356/331
f 429/356/331 422/349/324 439/366/341
f 440/367/342 437/364/339 436/363/338
f 436/363/338 439/366/341 440/367/342
f 441/368/343 438/365/340 437/364/339
f 437/364/339 440/367/342 441/368/343
f 438/365/340 441/368/343 442/369/344
f 443/370/345 439/366/341 422/349/324
f 422/349/324 418/345/320 443/370/345
f 444/371/346 440/367/342 439/366/341
f 439/366/341 443/370/345 444/371/346
f 445/372/347 441/368/343 440/367/342
f 440/367/342 444/371/346 445/372/347
f 446/373/348 442/369/344 441/368/343
f 441/368/343 445/372/347 446/373/348
f 442/369/344 446/373/348 447/374/349
f 448/375/350 443/370/345 418/345/320
f 418/345/320 414/341/316 448/375/350
f 449/376/351 444/371/346 443/370/345
f 443/370/345 448/375/350 449/376/351
f 450/377/352 445/372/347 444/371/346
f 444/371/346 449/376/351 450/377/352
f 451/378/353 446/373/348 445/372/347
f 445/372/347 450/377/352 451/378/353
f 452/379/354 447/374/349 446/373/348
f 446/373/348 451/378/353 452/379/354
f 447/374/349 452/379/354 453/380/355
f 454/381/356 453/380/355 452/379/354
f 455/382/357 453/380/355 454/381/356
f 455/382/357 454/381/356 456/383/358
f 452/379/354 457/384/359 454/381/356
f 457/384/359 452/379/354 451/378/353
f 458/385/360 456/383/358 454/381/356
f 458/385/360 454/381/356 457/384/359
f 456/383/358 458/385/360 459/386/361
f 456/383/358 459/386/361 460/387/362
f 457/384/359 461/388/363 458/385/360
f 459/386/361 458/385/360 461/388/363
f 451/378/353 462/389/364 457/384/359
f 461/388/363 457/384/359 462/389/364
f 462/389/364 451/378/353 450/377/352
f 450/377/352 463/390/365 462/389/364
f 463/390/365 450/377/352 449/376/351
f 462/389/364 464/391/366 461/388/363
f 464/391/366 462/389/364 463/390/365
f 461/388/363 465/392/367 459/386/361
f 465/392/367 461/388/363 464/391/366
f 466/393/368 459/386/361 465/392/367
f 466/393/368 460/387/362 459/386/361
f 449/376/351 467/394/369 463/390/365
f 467/394/369 449/376/351 448/375/350
f 463/390/365 468/395/370 464/391/366
f 468/395/370 463/390/365 467/394/369
f 464/391/366 469/396/371 465/392/367
f 469/396/371 464/391/366 468/395/370
f 470/397/372 465/392/367 469/396/371
f 465/392/367 470/397/372 466/393/368
f 460/387/362 466/393/368 471/398/373
f 471/398/373 466/393/368 470/397/372
f 460/387/362 471/398/373 472/399/374
f 468/395/370 473/400/375 469/396/371
f 469/396/371 474/401/376 470/397/372
f 474/401/376 469/396/371 473/400/375
f 475/402/377 470/397/372 474/401/376
f 470/397/372 475/402/377 471/398/373
f 476/403/378 472/399/374 471/398/373
f 476/403/378 471/398/373 475/402/377
f 472/399/374 476/403/378 477/404/379
f 472/399/374 477/404/379 478/405/380
f 479/406/381 478/405/380 477/404/379
f 477/404/379 476/403/378 480/407/382
f 475/402/377 480/407/382 476/403/378
f 479/406/381 477/404/379 481/408/383
f 480/407/382 481/408/383 477/404/379
f 480/407/382 475/402/377 482/409/384
f 474/401/376 482/409/384 475/402/377
f 481/408/383 480/407/382 483/410/385
f 482/409/384 483/410/385 480/407/382
f 481/408/383 484/411/386 479/406/381
f 483/410/385 485/412/387 481/408/383
f 484/411/386 481/408/383 485/412/387
f 482/409/384 474/401/376 486/413/388
f 473/400/375 486/413/388 474/401/376
f 483/410/385 482/409/384 487/414/389
f 486/413/388 487/414/389 482/409/384
f 485/412/387 483/410/385 488/415/390
f 487/414/389 488/415/390 483/410/385
f 485/412/387 489/416/391 484/411/386
f 488/415/390 490/417/392 485/412/387
f 489/416/391 485/412/387 490/417/392
f 488/415/390 487/414/389 491/418/393
f 487/414/389 486/413/388 492/419/394
f 492/419/394 491/418/393 487/414/389
f 493/420/395 492/419/394 486/413/388
f 486/413/388 473/400/375 493/420/395
f 490/417/392 488/415/390 494/421/396
f 491/418/393 494/421/396 488/415/390
f 495/422/397 493/420/395 473/400/375
f 473/400/375 468/395/370 495/422/397
f 467/394/369 495/422/397 468/395/370
f 495/422/397 467/394/369 496/423/398
f 448/375/350 496/423/398 467/394/369
f 496/423/398 448/375/350 414/341/316
f 414/341/316 410/337/312 496/423/398
f 496/423/398 497/424/399 495/422/397
f 497/424/399 496/423/398 410/337/312
f 493/420/395 495/422/397 497/424/399
f 410/337/312 406/333/308 497/424/399
f 497/424/399 498/425/400 493/420/395
f 498/425/400 497/424/399 406/333/308
f 492/419/394 493/420/395 498/425/400
f 406/333/308 402/329/304 498/425/400
f 498/425/400 499/426/401 492/419/394
f 499/426/401 498/425/400 402/329/304
f 491/418/393 492/419/394 499/426/401
f 402/329/304 398/325/300 499/426/401
f 499/426/401 500/427/402 491/418/393
f 500/427/402 499/426/401 398/325/300
f 494/421/396 491/418/393 500/427/402
f 398/325/300 394/321/296 500/427/402
f 501/428/403 500/427/402 394/321/296
f 500/427/402 501/428/403 494/421/396
f 394/321/296 393/320/295 501/428/403
f 502/429/404 494/421/396 501/428/403
f 503/430/405 501/428/403 393/320/295
f 501/428/403 503/430/405 502/429/404
f 494/421/396 502/429/404 490/417/392
f 393/320/295 391/318/293 503/430/405
f 504/431/406 490/417/392 502/429/404
f 490/417/392 504/431/406 489/416/391
f 505/432/407 502/429/404 503/430/405
f 502/429/404 505/432/407 504/431/406
f 506/433/408 503/430/405 391/318/293
f 503/430/405 506/433/408 505/432/407
f 391/318/293 382/309/284 506/433/408
f 507/434/409 506/433/408 382/309/284
f 382/309/284 378/305/280 507/434/409
f 508/435/410 505/432/407 506/433/408
f 506/433/408 507/434/409 508/435/410
f 509/436/411 504/431/406 505/432/407
f 505/432/407 508/435/410 509/436/411
f 504/431/406 509/436/411 510/437/412
f 510/437/412 489/416/391 504/431/406
f 511/438/413 507/434/409 378/305/280
f 378/305/280 374/301/276 511/438/413
f 512/439/414 508/435/410 507/434/409
f 507/434/409 511/438/413 512/439/414
f 513/440/415 509/436/411 508/435/410
f 508/435/410 512/439/414 513/440/415
f 509/436/411 513/440/415 514/441/416
f 514/441/416 510/437/412 509/436/411
f 515/442/417 511/438/413 374/301/276
f 374/301/276 370/297/272 515/442/417
f 516/443/418 512/439/414 511/438/413
f 511/438/413 515/442/417 516/443/418
f 517/444/419 513/440/415 512/439/414
f 512/439/414 516/443/418 517/444/419
f 513/440/415 517/444/419 518/445/420
f 518/445/420 514/441/416 513/440/415
f 519/446/421 515/442/417 370/297/272
f 370/297/272 366/293/268 519/446/421
f 520/447/422 516/443/418 515/442/417
f 515/442/417 519/446/421 520/447/422
f 521/448/423 517/444/419 516/443/418
f 516/443/418 520/447/422 521/448/423
f 517/444/419 521/448/423 522/449/424
f 522/449/424 518/445/420 517/444/419
f 523/450/425 519/446/421 366/293/268
f 366/293/268 362/289/264 523/450/425
f 524/451/426 520/447/422 519/446/421
f 519/446/421 523/450/425 524/451/426
f 525/452/427 521/448/423 520/447/422
f 520/447/422 524/451/426 525/452/427
f 521/448/423 525/452/427 526/453/428
f 526/453/428 522/449/424 521/448/423
f 527/454/429 523/450/425 362/289/264
f 362/289/264 355/282/257 527/454/429
f 528/455/430 524/451/426 523/450/425
f 523/450/425 527/454/429 528/455/430
f 529/456/431 525/452/427 524/451/426
f 524/451/426 528/455/430 529/456/431
f 525/452/427 529/456/431 530/457/432
f 530/457/432 526/453/428 525/452/427
f 531/458/433 529/456/431 528/455/430
f 532/459/434 528/455/430 527/454/429
f 528/455/430 532/459/434 531/458/433
f 529/456/431 531/458/433 533/460/435
f 533/460/435 530/457/432 529/456/431
f 534/461/436 531/458/433 532/459/434
f 527/454/429 535/462/437 532/459/434
f 535/462/437 527/454/429 355/282/257
f 536/463/438 532/459/434 535/462/437
f 532/459/434 536/463/438 534/461/436
f 355/282/257 537/464/439 535/462/437
f 537/464/439 355/282/257 350/277/252
f 537/464/439 350/277/252 351/278/253
f 538/465/440 535/462/437 537/464/439
f 537/464/439 351/278/253 538/465/440
f 535/462/437 538/465/440 536/463/438
f 539/466/441 538/465/440 351/278/253
f 351/278/253 347/274/249 539/466/441
f 540/467/442 536/463/438 538/465/440
f 538/465/440 539/466/441 540/467/442
f 541/468/443 539/466/441 347/274/249
f 347/274/249 343/270/245 541/468/443
f 542/469/444 540/467/442 539/466/441
f 539/466/441 541/468/443 542/469/444
f 536/463/438 540/467/442 543/470/445
f 543/470/445 534/461/436 536/463/438
f 540/467/442 542/469/444 544/471/446
f 544/471/446 543/470/445 540/467/442
f 545/472/447 541/468/443 343/270/245
f 343/270/245 338/265/240 545/472/447
f 546/473/448 542/469/444 541/468/443
f 541/468/443 545/472/447 546/473/448
f 547/474/449 544/471/446 542/469/444
f 542/469/444 546/473/448 547/474/449
f 548/475/450 545/472/447 338/265/240
f 548/475/450 338/265/240 339/266/241
f 549/476/451 546/473/448 545/472/447
f 545/472/447 548/475/450 549/476/451
f 550/477/452 547/474/449 546/473/448
f 546/473/448 549/476/451 550/477/452
f 339/266/241 551/478/453 548/475/450
f 339/266/241 330/257/232 551/478/453
f 552/479/454 549/476/451 548/475/450
f 552/479/454 548/475/450 551/478/453
f 553/480/455 550/477/452 549/476/451
f 549/476/451 552/479/454 553/480/455
f 552/479/454 551/478/453 554/481/456
f 554/481/456 553/480/455 552/479/454
f 555/482/457 551/478/453 330/257/232
f 330/257/232 326/253/228 555/482/457
f 556/483/458 554/481/456 551/478/453
f 551/478/453 555/482/457 556/483/458
f 557/484/459 555/482/457 326/253/228
f 326/253/228 320/247/222 557/484/459
f 558/485/460 556/483/458 555/482/457
f 555/482/457 557/484/459 558/485/460
f 559/486/461 557/484/459 320/247/222
f 320/247/222 315/242/217 559/486/461
f 560/487/462 558/485/460 557/484/459
f 557/484/459 559/486/461 560/487/462
f 561/488/463 559/486/461 315/242/217
f 315/242/217 310/237/212 561/488/463
f 562/489/464 560/487/462 559/486/461
f 559/486/461 561/488/463 562/489/464
f 563/490/465 561/488/463 310/237/212
f 310/237/212 305/232/207 563/490/465
f 564/491/466 562/489/464 561/488/463
f 561/488/463 563/490/465 564/491/466
f 565/492/467 563/490/465 305/232/207
f 305/232/207 300/227/202 565/492/467
f 566/493/468 564/491/466 563/490/465
f 563/490/465 565/492/467 566/493/468
f 567/494/469 565/492/467 300/227/202
f 300/227/202 295/222/197 567/494/469
f 568/495/470 566/493/468 565/492/467
f 565/492/467 567/494/469 568/495/470
f 569/496/471 567/494/469 295/222/197
f 295/222/197 290/217/192 569/496/471
f 570/497/472 568/495/470 567/494/469
f 567/494/469 569/496/471 570/497/472
f 571/498/473 569/496/471 290/217/192
f 290/217/192 268/195/170 571/498/473
f 271/198/173 571/498/473 268/195/170
f 569/496/471 571/498/473 572/499/474
f 572/499/474 570/497/472 569/496/471
f 571/498/473 271/198/173 573/500/475
f 573/500/475 572/499/474 571/498/473
f 574/501/476 573/500/475 271/198/173
f 271/198/173 273/200/175 574/501/476
f 572/499/474 573/500/475 575/502/477
f 570/497/472 572/499/474 576/503/478
f 575/502/477 576/503/478 572/499/474
f 577/504/479 575/502/477 573/500/475
f 573/500/475 574/501/476 577/504/479
f 576/503/478 575/502/477 578/505/480
f 576/503/478 579/506/481 570/497/472
f 568/495/470 570/497/472 579/506/481
f 579/506/481 576/503/478 580/507/482
f 578/505/480 580/507/482 576/503/478
f 579/506/481 581/508/483 568/495/470
f 566/493/468 568/495/470 581/508/483
f 580/507/482 582/509/484 579/506/481
f 581/508/483 579/506/481 582/509/484
f 583/510/485 578/505/480 575/502/477
f 575/502/477 577/504/479 583/510/485
f 581/508/483 584/511/486 566/493/468
f 564/491/466 566/493/468 584/511/486
f 582/509/484 585/512/487 581/508/483
f 584/511/486 581/508/483 585/512/487
f 585/512/487 582/509/484 586/513/488
f 584/511/486 587/514/489 564/491/466
f 562/489/464 564/491/466 587/514/489
f 585/512/487 588/515/490 584/511/486
f 587/514/489 584/511/486 588/515/490
f 586/513/488 589/516/491 585/512/487
f 588/515/490 585/512/487 589/516/491
f 586/513/488 590/517/492 589/516/491
f 591/518/493 586/513/488 582/509/484
f 590/517/492 586/513/488 591/518/493
f 582/509/484 580/507/482 591/518/493
f 590/517/492 591/518/493 592/519/494
f 593/520/495 589/516/491 590/517/492
f 594/521/496 592/519/494 591/518/493
f 594/521/496 591/518/493 580/507/482
f 580/507/482 578/505/480 594/521/496
f 595/522/497 594/521/496 578/505/480
f 596/523/498 594/521/496 595/522/497
f 578/505/480 583/510/485 595/522/497
f 596/523/498 595/522/497 597/524/499
f 598/525/500 595/522/497 583/510/485
f 598/525/500 597/524/499 595/522/497
f 583/510/485 599/526/501 598/525/500
f 597/524/499 598/525/500 600/527/502
f 600/527/502 598/525/500 599/526/501
f 597/524/499 600/527/502 601/528/503
f 599/526/501 583/510/485 577/504/479
f 602/529/504 601/528/503 600/527/502
f 577/504/479 603/530/505 599/526/501
f 603/530/505 577/504/479 574/501/476
f 599/526/501 604/531/506 600/527/502
f 602/529/504 600/527/502 604/531/506
f 604/531/506 599/526/501 603/530/505
f 601/528/503 602/529/504 605/532/507
f 601/528/503 605/532/507 606/533/508
f 604/531/506 607/534/509 602/529/504
f 605/532/507 602/529/504 607/534/509
f 603/530/505 608/535/510 604/531/506
f 607/534/509 604/531/506 608/535/510
f 574/501/476 609/536/511 603/530/505
f 608/535/510 603/530/505 609/536/511
f 609/536/511 574/501/476 273/200/175
f 273/200/175 610/537/512 609/536/511
f 610/537/512 273/200/175 269/196/171
f 609/536/511 611/538/513 608/535/510
f 611/538/513 609/536/511 610/537/512
f 608/535/510 612/539/514 607/534/509
f 612/539/514 608/535/510 611/538/513
f 613/540/515 607/534/509 612/539/514
f 607/534/509 613/540/515 605/532/507
f 269/196/171 614/541/516 610/537/512
f 614/541/516 269/196/171 274/201/176
f 610/537/512 615/542/517 611/538/513
f 615/542/517 610/537/512 614/541/516
f 611/538/513 616/543/518 612/539/514
f 616/543/518 611/538/513 615/542/517
f 614/541/516 617/544/519 615/542/517
f 618/545/520 615/542/517 617/544/519
f 615/542/517 618/545/520 616/543/518
f 617/544/519 614/541/516 619/546/521
f 274/201/176 619/546/521 614/541/516
f 620/547/522 616/543/518 618/545/520
f 274/201/176 621/548/523 619/546/521
f 621/548/523 274/201/176 267/194/169
f 622/549/524 619/546/521 621/548/523
f 267/194/169 279/206/181 621/548/523
f 616/543/518 620/547/522 623/550/525
f 623/550/525 612/539/514 616/543/518
f 624/551/526 623/550/525 620/547/522
f 612/539/514 623/550/525 613/540/515
f 625/552/527 621/548/523 279/206/181
f 621/548/523 625/552/527 622/549/524
f 279/206/181 280/207/182 625/552/527
f 626/553/528 622/549/524 625/552/527
f 627/554/529 625/552/527 280/207/182
f 625/552/527 627/554/529 626/553/528
f 628/555/530 626/553/528 627/554/529
f 623/550/525 624/551/526 629/556/531
f 629/556/531 613/540/515 623/550/525
f 630/557/532 629/556/531 624/551/526
f 613/540/515 629/556/531 631/558/533
f 631/558/533 605/532/507 613/540/515
f 631/558/533 606/533/508 605/532/507
f 632/559/534 631/558/533 629/556/531
f 606/533/508 631/558/533 632/559/534
f 629/556/531 630/557/532 632/559/534
f 606/533/508 632/559/534 633/560/535
f 634/561/536 632/559/534 630/557/532
f 634/561/536 633/560/535 632/559/534
f 637/562/537 635/563/538 636/564/539
f 635/563/538 637/562/537 560/487/462
f 560/487/462 562/489/464 635/563/538
f 558/485/460 560/487/462 637/562/537
f 587/514/489 635/563/538 562/489/464
f 635/563/538 587/514/489 638/565/540
f 638/565/540 636/564/539 635/563/538
f 588/515/490 638/565/540 587/514/489
f 637/562/537 639/566/541 558/485/460
f 556/483/458 558/485/460 639/566/541
f 636/564/539 640/567/542 637/562/537
f 639/566/541 637/562/537 640/567/542
f 638/565/540 588/515/490 641/568/543
f 589/516/491 641/568/543 588/515/490
f 593/520/495 641/568/543 589/516/491
f 641/568/543 642/569/544 638/565/540
f 641/568/543 593/520/495 642/569/544
f 636/564/539 638/565/540 642/569/544
f 643/570/545 642/569/544 593/520/495
f 642/569/544 644/571/546 636/564/539
f 643/570/545 644/571/546 642/569/544
f 640/567/542 636/564/539 644/571/546
f 644/571/546 643/570/545 645/572/547
f 644/571/546 645/572/547 640/567/542
f 646/573/548 645/572/547 643/570/545
f 646/573/548 647/574/549 645/572/547
f 648/575/550 640/567/542 645/572/547
f 645/572/547 647/574/549 648/575/550
f 640/567/542 648/575/550 639/566/541
f 649/576/551 639/566/541 648/575/550
f 639/566/541 649/576/551 556/483/458
f 554/481/456 556/483/458 649/576/551
f 648/575/550 650/577/552 649/576/551
f 650/577/552 648/575/550 647/574/549
f 649/576/551 651/578/553 554/481/456
f 651/578/553 649/576/551 650/577/552
f 553/480/455 554/481/456 651/578/553
f 647/574/549 652/579/554 650/577/552
f 647/574/549 653/580/555 652/579/554
f 654/581/556 652/579/554 653/580/555
f 655/582/557 650/577/552 652/579/554
f 650/577/552 655/582/557 651/578/553
f 651/578/553 656/583/558 553/480/455
f 656/583/558 651/578/553 655/582/557
f 550/477/452 553/480/455 656/583/558
f 654/581/556 657/584/559 652/579/554
f 652/579/554 657/584/559 655/582/557
f 657/584/559 654/581/556 658/585/560
f 659/586/561 655/582/557 657/584/559
f 655/582/557 659/586/561 656/583/558
f 657/584/559 658/585/560 659/586/561
f 660/587/562 658/585/560 654/581/556
f 661/588/563 656/583/558 659/586/561
f 656/583/558 661/588/563 550/477/452
f 547/474/449 550/477/452 661/588/563
f 659/586/561 662/589/564 661/588/563
f 662/589/564 659/586/561 658/585/560
f 661/588/563 663/590/565 547/474/449
f 663/590/565 661/588/563 662/589/564
f 544/471/446 547/474/449 663/590/565
f 658/585/560 664/591/566 662/589/564
f 660/587/562 664/591/566 658/585/560
f 662/589/564 665/592/567 663/590/565
f 665/592/567 662/589/564 664/591/566
f 663/590/565 666/593/568 544/471/446
f 666/593/568 663/590/565 665/592/567
f 543/470/445 544/471/446 666/593/568
f 664/591/566 660/587/562 667/594/569
f 664/591/566 667/594/569 665/592/567
f 668/595/570 667/594/569 660/587/562
f 665/592/567 669/596/571 666/593/568
f 669/596/571 665/592/567 667/594/569
f 666/593/568 670/597/572 543/470/445
f 670/597/572 666/593/568 669/596/571
f 534/461/436 543/470/445 670/597/572
f 668/595/570 671/598/573 667/594/569
f 667/594/569 671/598/573 669/596/571
f 671/598/573 668/595/570 672/599/574
f 673/600/575 672/599/574 668/595/570
f 674/601/576 669/596/571 671/598/573
f 671/598/573 672/599/574 674/601/576
f 669/596/571 674/601/576 670/597/572
f 673/600/575 675/602/577 672/599/574
f 670/597/572 676/603/578 534/461/436
f 676/603/578 670/597/572 674/601/576
f 531/458/433 534/461/436 676/603/578
f 676/603/578 533/460/435 531/458/433
f 674/601/576 677/604/579 676/603/578
f 677/604/579 674/601/576 672/599/574
f 533/460/435 676/603/578 677/604/579
f 672/599/574 675/602/577 677/604/579
f 677/604/579 678/605/580 533/460/435
f 678/605/580 677/604/579 675/602/577
f 530/457/432 533/460/435 678/605/580
f 675/602/577 679/606/581 678/605/580
f 675/602/577 680/607/582 679/606/581
f 681/608/583 679/606/581 680/607/582
f 678/605/580 682/609/584 530/457/432
f 682/609/584 678/605/580 679/606/581
f 526/453/428 530/457/432 682/609/584
f 681/608/583 683/610/585 679/606/581
f 679/606/581 683/610/585 682/609/584
f 683/610/585 681/608/583 684/611/586
f 682/609/584 685/612/587 526/453/428
f 685/612/587 682/609/584 683/610/585
f 683/610/585 684/611/586 685/612/587
f 522/449/424 526/453/428 685/612/587
f 686/613/588 684/611/586 681/608/583
f 685/612/587 687/614/589 522/449/424
f 687/614/589 685/612/587 684/611/586
f 518/445/420 522/449/424 687/614/589
f 518/445/420 687/614/589 514/441/416
f 686/613/588 688/615/590 684/611/586
f 687/614/589 684/611/586 689/616/591
f 688/615/590 689/616/591 684/611/586
f 689/616/591 514/441/416 687/614/589
f 688/615/590 686/613/588 690/617/592
f 688/615/590 690/617/592 689/616/591
f 691/618/593 690/617/592 686/613/588
f 689/616/591 692/619/594 514/441/416
f 692/619/594 689/616/591 690/617/592
f 510/437/412 514/441/416 692/619/594
f 691/618/593 693/620/595 690/617/592
f 690/617/592 693/620/595 692/619/594
f 692/619/594 694/621/596 510/437/412
f 694/621/596 692/619/594 693/620/595
f 489/416/391 510/437/412 694/621/596
f 694/621/596 484/411/386 489/416/391
f 693/620/595 695/622/597 694/621/596
f 484/411/386 694/621/596 695/622/597
f 693/620/595 691/618/593 695/622/597
f 695/622/597 479/406/381 484/411/386
f 696/623/598 695/622/597 691/618/593
f 696/623/598 479/406/381 695/622/597
f 699/624/599 697/625/600 698/626/601
f 700/627/602 698/626/601 697/625/600
f 698/626/601 700/627/602 701/628/603
f 697/625/600 699/624/599 702/629/604
f 703/630/605 702/629/604 699/624/599
f 700/627/602 697/625/600 704/631/606
f 702/629/604 703/630/605 705/632/607
f 706/633/608 705/632/607 703/630/605
f 697/625/600 702/629/604 707/634/609
f 707/634/609 704/631/606 697/625/600
f 705/632/607 706/633/608 708/635/610
f 709/636/611 708/635/610 706/633/608
f 702/629/604 705/632/607 710/637/612
f 710/637/612 707/634/609 702/629/604
f 705/632/607 708/635/610 711/638/613
f 711/638/613 710/637/612 705/632/607
f 712/639/614 711/638/613 708/635/610
f 712/639/614 713/640/615 711/638/613
f 714/641/616 711/638/613 713/640/615
f 711/638/613 714/641/616 710/637/612
f 715/642/617 710/637/612 714/641/616
f 710/637/612 715/642/617 707/634/609
f 716/643/618 707/634/609 715/642/617
f 707/634/609 716/643/618 704/631/606
f 717/644/619 704/631/606 716/643/618
f 704/631/606 717/644/619 718/645/620
f 704/631/606 718/645/620 700/627/602
f 719/646/621 718/645/620 717/644/619
f 720/647/622 700/627/602 718/645/620
f 720/647/622 701/628/603 700/627/602
f 701/628/603 720/647/622 721/648/623
f 718/645/620 719/646/621 722/649/624
f 718/645/620 722/649/624 720/647/622
f 723/650/625 722/649/624 719/646/621
f 724/651/626 721/648/623 720/647/622
f 724/651/626 720/647/622 722/649/624
f 721/648/623 724/651/626 725/652/627
f 722/649/624 723/650/625 726/653/628
f 722/649/624 726/653/628 724/651/626
f 727/654/629 726/653/628 723/650/625
f 728/655/630 725/652/627 724/651/626
f 728/655/630 724/651/626 726/653/628
f 725/652/627 728/655/630 729/656/631
f 726/653/628 727/654/629 730/657/632
f 726/653/628 730/657/632 728/655/630
f 731/658/633 730/657/632 727/654/629
f 732/659/634 729/656/631 728/655/630
f 732/659/634 728/655/630 730/657/632
f 729/656/631 732/659/634 733/660/635
f 730/657/632 731/658/633 734/661/636
f 730/657/632 734/661/636 732/659/634
f 735/662/637 734/661/636 731/658/633
f 736/663/638 733/660/635 732/659/634
f 736/663/638 732/659/634 734/661/636
f 733/660/635 736/663/638 737/664/639
f 738/665/640 737/664/639 736/663/638
f 738/665/640 736/663/638 739/666/641
f 734/661/636 739/666/641 736/663/638
f 734/661/636 735/662/637 739/666/641
f 740/667/642 739/666/641 735/662/637
f 742/668/643 740/667/644 741/669/645
f 743/670/646 741/669/645 740/667/644
f 742/668/643 741/669/645 744/671/647
f 741/669/645 743/670/646 745/672/648
f 746/673/649 745/672/648 743/670/646
f 747/674/650 744/671/647 741/669/645
f 741/669/645 745/672/648 747/674/650
f 747/674/650 748/675/651 744/671/647
f 737/676/652 744/671/647 748/675/651
f 748/675/651 747/674/650 749/677/653
f 750/678/654 749/677/653 747/674/650
f 750/678/654 747/674/650 745/672/648
f 749/677/653 750/678/654 751/679/655
f 745/672/648 746/673/649 752/680/656
f 745/672/648 752/680/656 750/678/654
f 753/681/657 752/680/656 746/673/649
f 754/682/658 751/679/655 750/678/654
f 754/682/658 750/678/654 752/680/656
f 751/679/655 754/682/658 755/683/659
f 752/680/656 753/681/657 756/684/660
f 752/680/656 756/684/660 754/682/658
f 757/685/661 756/684/660 753/681/657
f 758/686/662 755/683/659 754/682/658
f 758/686/662 754/682/658 756/684/660
f 758/686/662 759/687/663 755/683/659
f 760/688/664 755/683/659 759/687/663
f 756/684/660 761/689/665 758/686/662
f 756/684/660 757/685/661 761/689/665
f 759/687/663 758/686/662 761/689/665
f 762/690/666 761/689/665 757/685/661
f 760/688/664 759/687/663 763/691/667
f 761/689/665 762/690/666 764/692/668
f 761/689/665 764/692/668 759/687/663
f 765/693/669 764/692/668 762/690/666
f 766/694/670 763/691/667 759/687/663
f 766/694/670 759/687/663 764/692/668
f 763/691/667 766/694/670 767/695/671
f 764/692/668 765/693/669 768/696/672
f 764/692/668 768/696/672 766/694/670
f 769/697/673 768/696/672 765/693/669
f 770/698/674 767/695/671 766/694/670
f 770/698/674 766/694/670 768/696/672
f 767/695/671 770/698/674 771/699/675
f 768/696/672 769/697/673 772/700/676
f 768/696/672 772/700/676 770/698/674
f 773/701/677 772/700/676 769/697/673
f 774/702/678 771/699/675 770/698/674
f 774/702/678 770/698/674 772/700/676
f 771/699/675 774/702/678 775/703/679
f 772/700/676 773/701/677 776/704/680
f 772/700/676 776/704/680 774/702/678
f 777/705/681 776/704/680 773/701/677
f 778/706/682 775/703/679 774/702/678
f 778/706/682 774/702/678 776/704/680
f 775/703/679 778/706/682 779/707/683
f 780/708/684 779/707/683 778/706/682
f 780/708/684 778/706/682 781/709/685
f 776/704/680 781/709/685 778/706/682
f 776/704/680 777/705/681 781/709/685
f 782/710/686 781/709/685 777/705/681
f 784/711/687 782/710/688 783/712/689
f 785/713/690 783/712/689 782/710/688
f 784/711/687 783/712/689 786/714/691
f 783/712/689 785/713/690 787/715/692
f 788/716/693 787/715/692 785/713/690
f 789/717/694 786/714/691 783/712/689
f 789/717/694 790/718/695 786/714/691
f 779/719/696 786/714/691 790/718/695
f 790/718/695 789/717/694 791/720/697
f 789/717/694 783/712/689 792/721/698
f 792/721/698 791/720/697 789/717/694
f 787/715/692 792/721/698 783/712/689
f 791/720/697 792/721/698 793/722/699
f 787/715/692 788/716/693 794/723/700
f 787/715/692 794/723/700 792/721/698
f 795/724/701 794/723/700 788/716/693
f 796/725/702 793/722/699 792/721/698
f 796/725/702 792/721/698 794/723/700
f 793/722/699 796/725/702 797/726/703
f 794/723/700 795/724/701 798/727/704
f 794/723/700 798/727/704 796/725/702
f 799/728/705 798/727/704 795/724/701
f 800/729/706 797/726/703 796/725/702
f 800/729/706 796/725/702 798/727/704
f 797/726/703 800/729/706 801/730/707
f 798/727/704 799/728/705 802/731/708
f 798/727/704 802/731/708 800/729/706
f 803/732/709 802/731/708 799/728/705
f 804/733/710 801/730/707 800/729/706
f 804/733/710 800/729/706 802/731/708
f 801/730/707 804/733/710 805/734/711
f 802/731/708 803/732/709 806/735/712
f 802/731/708 806/735/712 804/733/710
f 807/736/713 806/735/712 803/732/709
f 808/737/714 805/734/711 804/733/710
f 808/737/714 804/733/710 806/735/712
f 805/734/711 808/737/714 809/738/715
f 806/735/712 807/736/713 810/739/716
f 806/735/712 810/739/716 808/737/714
f 811/740/717 810/739/716 807/736/713
f 812/741/718 809/738/715 808/737/714
f 812/741/718 808/737/714 810/739/716
f 809/738/715 812/741/718 813/742/719
f 810/739/716 811/740/717 814/743/720
f 810/739/716 814/743/720 812/741/718
f 815/744/721 814/743/720 811/740/717
f 816/745/722 813/742/719 812/741/718
f 816/745/722 812/741/718 814/743/720
f 813/742/719 816/745/722 817/746/723
f 814/743/720 815/744/721 818/747/724
f 814/743/720 818/747/724 816/745/722
f 819/748/725 818/747/724 815/744/721
f 820/749/726 817/746/723 816/745/722
f 820/749/726 816/745/722 818/747/724
f 817/746/723 820/749/726 821/750/727
f 822/751/728 821/750/727 820/749/726
f 822/751/728 820/749/726 823/752/729
f 818/747/724 823/752/729 820/749/726
f 818/747/724 819/748/725 823/752/729
f 824/753/730 823/752/729 819/748/725
f 826/754/731 824/753/732 825/755/733
f 827/756/734 825/755/733 824/753/732
f 826/754/731 825/755/733 828/757/735
f 825/755/733 827/756/734 829/758/736
f 830/759/737 829/758/736 827/756/734
f 831/760/738 828/757/735 825/755/733
f 825/755/733 829/758/736 831/760/738
f 831/760/738 832/761/739 828/757/735
f 821/762/740 828/757/735 832/761/739
f 832/761/739 831/760/738 833/763/741
f 834/764/742 833/763/741 831/760/738
f 834/764/742 831/760/738 829/758/736
f 833/763/741 834/764/742 835/765/743
f 829/758/736 830/759/737 836/766/744
f 829/758/736 836/766/744 834/764/742
f 837/767/745 836/766/744 830/759/737
f 838/768/746 835/765/743 834/764/742
f 838/768/746 834/764/742 836/766/744
f 835/765/743 838/768/746 839/769/747
f 836/766/744 837/767/745 840/770/748
f 836/766/744 840/770/748 838/768/746
f 841/771/749 840/770/748 837/767/745
f 842/772/750 839/769/747 838/768/746
f 842/772/750 838/768/746 840/770/748
f 839/769/747 842/772/750 843/773/751
f 840/770/748 841/771/749 844/774/752
f 840/770/748 844/774/752 842/772/750
f 845/775/753 844/774/752 841/771/749
f 846/776/754 843/773/751 842/772/750
f 846/776/754 842/772/750 844/774/752
f 843/773/751 846/776/754 847/777/755
f 844/774/752 845/775/753 848/778/756
f 844/774/752 848/778/756 846/776/754
f 849/779/757 848/778/756 845/775/753
f 850/780/758 847/777/755 846/776/754
f 850/780/758 846/776/754 848/778/756
f 847/777/755 850/780/758 851/781/759
f 848/778/756 849/779/757 852/782/760
f 848/778/756 852/782/760 850/780/758
f 853/783/761 852/782/760 849/779/757
f 854/784/762 851/781/759 850/780/758
f 854/784/762 850/780/758 852/782/760
f 851/781/759 854/784/762 855/785/763
f 852/782/760 853/783/761 856/786/764
f 852/782/760 856/786/764 854/784/762
f 857/787/765 856/786/764 853/783/761
f 858/788/766 855/785/763 854/784/762
f 858/788/766 854/784/762 856/786/764
f 855/785/763 858/788/766 859/789/767
f 856/786/764 857/787/765 860/790/768
f 856/786/764 860/790/768 858/788/766
f 861/791/769 860/790/768 857/787/765
f 862/792/770 859/789/767 858/788/766
f 862/792/770 858/788/766 860/790/768
f 859/789/767 862/792/770 709/793/771
f 863/794/772 709/793/771 862/792/770
f 863/794/772 862/792/770 864/795/773
f 860/790/768 864/795/773 862/792/770
f 860/790/768 861/791/769 864/795/773
f 865/796/774 864/795/773 861/791/769
f 699/797/82 698/798/82 866/799/82
f 699/797/82 866/799/82 703/800/82
f 866/799/82 698/798/82 867/801/82
f 868/802/82 703/800/82 866/799/82
f 701/803/82 867/801/82 698/798/82
f 706/804/775 703/800/82 868/802/82
f 701/803/82 721/805/82 867/801/82
f 706/804/775 868/802/82 709/806/82
f 867/801/82 721/805/82 869/807/82
f 870/808/82 709/806/82 868/802/82
f 725/809/82 869/807/82 721/805/82
f 859/810/82 709/806/82 870/808/82
f 725/809/82 729/811/82 869/807/82
f 859/810/82 870/808/82 855/812/82
f 869/807/82 729/811/82 871/813/82
f 872/814/82 855/812/82 870/808/82
f 733/815/82 871/813/82 729/811/82
f 851/816/82 855/812/82 872/814/82
f 733/815/82 737/817/82 871/813/82
f 851/816/82 872/814/82 847/818/82
f 871/813/82 737/817/82 873/819/82
f 874/820/82 847/818/82 872/814/82
f 748/821/82 873/819/82 737/817/82
f 843/822/98 847/818/82 874/820/82
f 748/821/82 749/823/82 873/819/82
f 843/822/98 874/820/82 839/824/82
f 873/819/82 749/823/82 875/825/82
f 876/826/82 839/824/82 874/820/82
f 751/827/82 875/825/82 749/823/82
f 835/828/775 839/824/82 876/826/82
f 751/827/82 755/829/82 875/825/82
f 835/828/775 876/826/82 833/830/82
f 875/825/82 755/829/82 877/831/82
f 878/832/82 833/830/82 876/826/82
f 760/833/82 877/831/82 755/829/82
f 832/834/82 833/830/82 878/832/82
f 760/833/82 763/835/82 877/831/82
f 832/834/82 878/832/82 821/836/82
f 877/831/82 763/835/82 879/837/82
f 880/838/82 821/836/82 878/832/82
f 767/839/82 879/837/82 763/835/82
f 817/840/82 821/836/82 880/838/82
f 767/839/82 771/841/82 879/837/82
f 817/840/82 880/838/82 813/842/82
f 879/837/82 771/841/82 881/843/82
f 882/844/82 813/842/82 880/838/82
f 775/845/82 881/843/82 771/841/82
f 809/846/82 813/842/82 882/844/82
f 775/845/82 779/847/82 881/843/82
f 809/846/82 882/844/82 805/848/82
f 881/843/82 779/847/82 883/849/82
f 884/850/82 805/848/82 882/844/82
f 790/851/82 883/849/82 779/847/82
f 801/852/82 805/848/82 884/850/82
f 790/851/82 791/853/82 883/849/82
f 801/852/82 884/850/82 797/854/82
f 883/849/82 791/853/82 885/855/82
f 885/855/82 797/854/82 884/850/82
f 793/856/98 885/855/82 791/853/82
f 793/856/98 797/854/82 885/855/82
f 889/857/82 888/858/82 887/859/82
f 888/858/82 889/857/82 890/860/82
f 891/861/82 887/859/82 888/858/82
f 892/862/82 890/860/82 889/857/82
f 887/859/82 891/861/82 893/863/82
f 890/860/82 892/862/82 894/864/82
f 895/865/82 893/863/82 891/861/82
f 896/866/82 894/864/82 892/862/82
f 893/863/82 895/865/82 897/867/82
f 894/864/82 896/866/82 898/868/82
f 899/869/82 897/867/82 895/865/82
f 900/870/82 898/868/82 896/866/82
f 897/867/82 899/869/82 901/871/82
f 898/868/82 900/870/82 902/872/82
f 903/873/82 901/871/82 899/869/82
f 904/874/82 902/872/82 900/870/82
f 901/871/82 903/873/82 905/875/82
f 902/872/82 904/874/82 906/876/82
f 907/877/82 905/875/82 903/873/82
f 908/878/82 906/876/82 904/874/82
f 905/875/82 907/877/82 909/879/82
f 906/876/82 908/878/82 910/880/82
f 911/881/82 909/879/82 907/877/82
f 912/882/82 910/880/82 908/878/82
f 909/879/82 911/881/82 913/883/82
f 910/880/82 912/882/82 914/884/82
f 915/885/82 913/883/82 911/881/82
f 916/886/82 914/884/82 912/882/82
f 913/883/82 915/885/82 917/887/82
f 914/884/82 916/886/82 918/888/82
f 919/889/82 917/887/82 915/885/82
f 920/890/82 918/888/82 916/886/82
f 917/887/82 919/889/82 921/891/82
f 918/888/82 920/890/82 922/892/82
f 923/893/82 921/891/82 919/889/82
f 924/894/82 922/892/82 920/890/82
f 921/891/82 923/893/82 925/895/82
f 922/892/82 924/894/82 926/896/82
f 926/896/82 925/895/82 923/893/82
f 925/895/82 926/896/82 924/894/82
f 929/858/776 928/897/777 927/861/778
f 928/897/777 929/858/776 930/898/779
f 931/899/780 927/861/778 928/897/777
f 932/860/781 930/898/779 929/858/776
f 927/861/778 931/899/780 933/865/782
f 930/898/779 932/860/781 934/900/783
f 935/901/782 933/865/782 931/899/780
f 936/864/784 934/900/783 932/860/781
f 933/865/782 935/901/782 937/869/785
f 934/900/783 936/864/784 938/902/786
f 939/903/787 937/869/785 935/901/782
f 940/868/786 938/902/786 936/864/784
f 937/869/785 939/903/787 941/873/788
f 938/902/786 940/868/786 942/904/789
f 943/905/790 941/873/788 939/903/787
f 944/872/791 942/904/789 940/868/786
f 941/873/788 943/905/790 945/877/792
f 942/904/789 944/872/791 946/906/793
f 947/907/794 945/877/792 943/905/790
f 948/876/795 946/906/793 944/872/791
f 945/877/792 947/907/794 949/881/796
f 946/906/793 948/876/795 950/908/797
f 951/909/798 949/881/796 947/907/794
f 952/880/799 950/908/797 948/876/795
f 949/881/796 951/909/798 953/885/800
f 950/908/797 952/880/799 954/910/801
f 955/911/800 953/885/800 951/909/798
f 956/884/802 954/910/801 952/880/799
f 953/885/800 955/911/800 957/889/803
f 954/910/801 956/884/802 958/912/804
f 959/913/805 957/889/803 955/911/800
f 960/888/804 958/912/804 956/884/802
f 957/889/803 959/913/805 961/893/806
f 958/912/804 960/888/804 962/914/807
f 963/915/808 961/893/806 959/913/805
f 964/892/809 962/914/807 960/888/804
f 961/893/806 963/915/808 965/896/810
f 962/914/807 964/892/809 966/916/811
f 966/916/811 965/896/810 963/915/808
f 965/896/810 966/916/811 964/892/809
f 969/917/812 967/918/813 968/919/812
f 970/920/813 968/919/812 967/918/813
f 968/919/812 971/921/814 969/917/812
f 972/922/814 969/917/812 971/921/814
f 971/921/814 973/923/815 972/922/814
f 974/924/816 972/922/814 973/923/815
f 973/923/815 975/925/817 974/924/816
f 976/926/817 974/924/816 975/925/817
f 975/925/817 977/927/818 976/926/817
f 978/928/818 976/926/817 977/927/818
f 977/927/818 979/929/819 978/928/818
f 980/930/819 978/928/818 979/929/819
f 979/929/819 981/931/82 980/930/819
f 982/932/82 980/930/819 981/931/82
f 981/931/82 983/933/820 982/932/82
f 984/934/820 982/932/82 983/933/820
f 983/933/820 985/935/821 984/934/820
f 986/936/821 984/934/820 985/935/821
f 985/935/821 987/937/822 986/936/821
f 988/938/822 986/936/821 987/937/822
f 987/937/822 989/939/823 988/938/822
f 990/940/824 988/938/822 989/939/823
f 989/939/823 991/941/825 990/940/824
f 992/942/825 990/940/824 991/941/825
f 991/941/825 993/943/826 992/942/825
f 994/944/826 992/942/825 993/943/826
f 993/943/826 995/945/827 994/944/826
f 996/946/827 994/944/826 995/945/827
f 995/945/827 997/947/828 996/946/827
f 998/948/828 996/946/827 997/947/828
f 997/947/828 999/949/829 998/948/828
f 1000/950/829 998/948/828 999/949/829
f 1003/951/5 1001/952/5 1002/953/5
f 1004/954/5 1003/951/5 1002/953/5
f 1001/952/5 1005/955/5 1002/953/5
f 1006/956/5 1004/954/5 1002/953/5
f 1005/955/5 1007/957/5 1002/953/5
f 1008/958/5 1006/956/5 1002/953/5
f 1007/957/5 1009/959/5 1002/953/5
f 1010/960/5 1008/958/5 1002/953/5
f 1009/959/5 1011/961/5 1002/953/5
f 1012/962/5 1010/960/5 1002/953/5
f 1011/961/5 1013/963/5 1002/953/5
f 1014/964/5 1012/962/5 1002/953/5
f 1013/963/5 1015/965/5 1002/953/5
f 1016/966/5 1014/964/5 1002/953/5
f 1015/965/5 1017/967/5 1002/953/5
f 1017/967/5 1016/966/5 1002/953/5
f 1020/968/830 1018/969/831 1019/970/830
f 1021/971/831 1019/970/830 1018/969/831
f 1019/970/830 1022/972/832 1020/968/830
f 1023/973/832 1020/968/830 1022/972/832
f 1022/972/832 1024/974/833 1023/973/832
f 1025/975/833 1023/973/832 1024/974/833
f 1024/974/833 1026/976/834 1025/975/833
f 1027/977/834 1025/975/833 1026/976/834
f 1026/976/834 1028/978/818 1027/977/834
f 1029/979/818 1027/977/834 1028/978/818
f 1028/978/818 1030/980/835 1029/979/818
f 1031/981/835 1029/979/818 1030/980/835
f 1030/980/835 1032/982/82 1031/981/835
f 1033/983/82 1031/981/835 1032/982/82
f 1032/982/82 1034/984/836 1033/983/82
f 1035/985/836 1033/983/82 1034/984/836
f 1034/984/836 1036/986/821 1035/985/836
f 1037/987/821 1035/985/836 1036/986/821
f 1036/986/821 1038/988/837 1037/987/821
f 1039/989/837 1037/987/821 1038/988/837
f 1038/988/837 1040/990/838 1039/989/837
f 1041/991/838 1039/989/837 1040/990/838
f 1040/990/838 1042/992/839 1041/991/838
f 1043/993/839 1041/991/838 1042/992/839
f 1042/992/839 1044/994/840 1043/993/839
f 1045/995/840 1043/993/839 1044/994/840
f 1044/994/840 1046/996/841 1045/995/840
f 1047/997/841 1045/995/840 1046/996/841
f 1046/996/841 1048/998/828 1047/997/841
f 1049/999/828 1047/997/841 1048/998/828
f 1048/998/828 1050/1000/842 1049/999/828
f 1051/1001/842 1049/999/828 1050/1000/842
f 1054/1002/5 1052/1003/5 1053/1004/5
f 1055/1005/5 1054/1002/5 1053/1004/5
f 1052/1003/5 1056/1006/5 1053/1004/5
f 1057/1007/5 1055/1005/5 1053/1004/5
f 1056/1006/5 1058/1008/5 1053/1004/5
f 1059/1009/5 1057/1007/5 1053/1004/5
f 1058/1008/5 1060/1010/5 1053/1004/5
f 1061/1011/5 1059/1009/5 1053/1004/5
f 1060/1010/5 1062/1012/5 1053/1004/5
f 1063/1013/5 1061/1011/5 1053/1004/5
f 1062/1012/5 1064/1014/5 1053/1004/5
f 1065/1015/5 1063/1013/5 1053/1004/5
f 1064/1014/5 1066/1016/5 1053/1004/5
f 1067/1017/5 1065/1015/5 1053/1004/5
f 1066/1016/5 1068/1018/5 1053/1004/5
f 1068/1018/5 1067/1017/5 1053/1004/5
f 1071/1019/843 1069/1020/844 1070/1021/845
f 1072/1022/846 1070/1021/845 1069/1020/844
f 1069/1020/847 1071/1019/848 1073/1023/849
f 1074/1024/850 1072/1022/850 1069/1020/850
f 1069/1020/847 1073/1023/849 1074/1024/851
f 1075/1025/852 1073/1023/849 1071/1019/848
f 1072/1022/853 1074/1024/854 1076/1026/855
f 1073/1023/856 1075/1025/857 1077/1027/858
f 1078/1028/859 1074/1024/851 1073/1023/849
f 1073/1023/860 1077/1027/861 1078/1028/862
f 1079/1029/863 1077/1027/858 1075/1025/857
f 1078/1028/859 1080/1030/864 1074/1024/851
f 1081/1031/865 1076/1026/855 1074/1024/854
f 1081/1031/866 1074/1024/851 1080/1030/864
f 1076/1026/855 1081/1031/865 1082/1032/867
f 1083/1033/868 1082/1032/867 1081/1031/865
f 1083/1033/868 1081/1031/865 1084/1034/869
f 1084/1034/870 1081/1031/870 1080/1030/870
f 1085/1035/871 1084/1034/872 1080/1030/873
f 1086/1036/874 1078/1028/862 1077/1027/861
f 1078/1028/875 1086/1036/876 1080/1030/873
f 1080/1030/873 1087/1037/877 1085/1035/871
f 1087/1037/877 1080/1030/873 1086/1036/876
f 1088/1038/878 1085/1035/871 1087/1037/877
f 1077/1027/879 1089/1039/880 1086/1036/881
f 1077/1027/882 1079/1029/883 1089/1039/884
f 1086/1036/876 1090/1040/885 1087/1037/877
f 1090/1040/886 1086/1036/881 1089/1039/880
f 1087/1037/877 1091/1041/887 1088/1038/878
f 1091/1041/887 1087/1037/877 1090/1040/885
f 1092/1042/888 1088/1038/878 1091/1041/887
f 1092/1042/888 1091/1041/887 1093/1043/889
f 1093/1043/890 1091/1041/890 1094/1044/890
f 1091/1041/891 1090/1040/892 1094/1044/893
f 1095/1045/894 1093/1043/895 1094/1044/896
f 1094/1044/896 1096/1046/897 1095/1045/894
f 1097/1047/898 1095/1045/894 1096/1046/897
f 1096/1046/899 1094/1044/900 1098/1048/901
f 1099/1049/902 1094/1044/893 1090/1040/892
f 1099/1049/903 1098/1048/901 1094/1044/900
f 1099/1049/902 1090/1040/892 1100/1050/904
f 1100/1050/905 1098/1048/905 1099/1049/905
f 1089/1039/906 1100/1050/904 1090/1040/892
f 1100/1050/907 1101/1051/908 1098/1048/909
f 1102/1052/910 1098/1048/909 1101/1051/908
f 1101/1051/911 1100/1050/904 1103/1053/912
f 1089/1039/906 1103/1053/912 1100/1050/904
f 1103/1053/913 1089/1039/884 1079/1029/883
f 1102/1052/914 1104/1051/915 1105/1048/916
f 1106/1050/917 1105/1048/916 1104/1051/915
f 1104/1051/918 1107/1053/919 1106/1050/920
f 1108/1049/921 1105/1048/921 1106/1050/921
f 1107/1053/922 1079/1029/923 1109/1039/924
f 1109/1039/925 1106/1050/920 1107/1053/919
f 1110/1027/926 1109/1039/924 1079/1029/923
f 1108/1049/927 1106/1050/920 1111/1040/928
f 1109/1039/925 1111/1040/928 1106/1050/920
f 1108/1049/929 1112/1044/930 1105/1048/931
f 1108/1049/927 1111/1040/928 1112/1044/932
f 1113/1046/933 1105/1048/931 1112/1044/930
f 1079/1029/934 1114/1025/935 1110/1027/936
f 1112/1044/937 1115/1045/938 1113/1046/939
f 1116/1047/940 1113/1046/939 1115/1045/938
f 1112/1044/937 1117/1043/941 1115/1045/938
f 1112/1044/942 1118/1041/942 1117/1043/942
f 1118/1041/943 1112/1044/932 1111/1040/928
f 1117/1043/944 1118/1041/945 1119/1042/946
f 1119/1042/946 1118/1041/945 1120/1038/947
f 1121/1037/948 1120/1038/947 1118/1041/945
f 1118/1041/945 1111/1040/949 1121/1037/948
f 1120/1038/947 1121/1037/948 1122/1035/950
f 1123/1036/951 1121/1037/948 1111/1040/949
f 1111/1040/952 1109/1039/953 1123/1036/954
f 1110/1027/955 1123/1036/954 1109/1039/953
f 1124/1030/956 1122/1035/950 1121/1037/948
f 1121/1037/948 1123/1036/951 1124/1030/956
f 1124/1030/956 1125/1034/957 1122/1035/950
f 1123/1036/958 1110/1027/959 1126/1028/960
f 1126/1028/961 1124/1030/956 1123/1036/951
f 1127/1023/962 1126/1028/960 1110/1027/959
f 1127/1023/963 1110/1027/936 1114/1025/935
f 1114/1025/964 1128/1019/965 1127/1023/966
f 1126/1028/967 1127/1023/966 1129/1024/968
f 1126/1028/967 1129/1024/968 1124/1030/969
f 1130/1020/970 1127/1023/966 1128/1019/965
f 1130/1020/970 1129/1024/968 1127/1023/966
f 1128/1019/971 1070/1021/972 1130/1020/973
f 1131/1022/974 1130/1020/973 1070/1021/972
f 1130/1020/975 1131/1022/975 1129/1024/975
f 1131/1022/976 1132/1026/977 1129/1024/978
f 1133/1031/979 1124/1030/969 1129/1024/968
f 1133/1031/980 1129/1024/978 1132/1026/977
f 1124/1030/981 1133/1031/981 1125/1034/981
f 1132/1026/977 1134/1032/982 1133/1031/980
f 1125/1034/983 1133/1031/980 1135/1033/984
f 1135/1033/984 1133/1031/980 1134/1032/982
f 1138/1054/985 1136/1055/986 1137/1056/985
f 1139/1057/986 1137/1056/985 1136/1055/986
f 1137/1056/985 1140/1058/987 1138/1054/985
f 1141/1059/987 1138/1054/985 1140/1058/987
f 1140/1058/987 1142/1060/988 1141/1059/987
f 1143/1061/988 1141/1059/987 1142/1060/988
f 1142/1060/988 1144/1062/989 1143/1061/988
f 1145/1063/989 1143/1061/988 1144/1062/989
f 1144/1062/989 1146/1064/990 1145/1063/989
f 1147/1065/990 1145/1063/989 1146/1064/990
f 1146/1064/990 1148/1066/819 1147/1065/990
f 1149/1067/819 1147/1065/990 1148/1066/819
f 1148/1066/819 1150/1068/82 1149/1067/819
f 1151/1069/82 1149/1067/819 1150/1068/82
f 1150/1068/82 1152/1070/820 1151/1069/82
f 1153/1071/820 1151/1069/82 1152/1070/820
f 1152/1070/820 1154/1072/991 1153/1071/820
f 1155/1073/991 1153/1071/820 1154/1072/991
f 1154/1072/991 1156/1074/992 1155/1073/991
f 1157/1075/992 1155/1073/991 1156/1074/992
f 1156/1074/992 1158/1076/993 1157/1075/992
f 1159/1077/993 1157/1075/992 1158/1076/993
f 1158/1076/993 1160/1078/994 1159/1077/993
f 1161/1079/994 1159/1077/993 1160/1078/994
f 1160/1078/994 1162/1080/995 1161/1079/994
f 1163/1081/995 1161/1079/994 1162/1080/995
f 1162/1080/995 1164/1082/996 1163/1081/995
f 1165/1083/996 1163/1081/995 1164/1082/996
f 1164/1082/996 1166/1084/828 1165/1083/996
f 1167/1085/828 1165/1083/996 1166/1084/828
f 1166/1084/828 1168/1086/997 1167/1085/828
f 1169/1087/997 1167/1085/828 1168/1086/997
f 1172/1088/5 1170/1089/5 1171/1090/5
f 1171/1090/5 1170/1089/5 1173/1091/5
f 1173/1091/5 1170/1089/5 1174/1092/5
f 1174/1092/5 1170/1089/5 1175/1093/5
f 1175/1093/5 1170/1089/5 1176/1094/5
f 1176/1094/5 1170/1089/5 1177/1095/5
f 1177/1095/5 1170/1089/5 1178/1096/5
f 1178/1096/5 1170/1089/5 1179/1097/5
f 1179/1097/5 1170/1089/5 1180/1098/5
f 1180/1098/5 1170/1089/5 1181/1099/5
f 1181/1099/5 1170/1089/5 1182/1100/5
f 1182/1100/5 1170/1089/5 1183/1101/5
f 1183/1101/5 1170/1089/5 1184/1102/5
f 1184/1102/5 1170/1089/5 1185/1103/5
f 1188/1054/998 1186/1055/999 1187/1056/998
f 1189/1057/999 1187/1056/998 1186/1055/999
f 1187/1056/998 1190/1058/814 1188/1054/998
f 1191/1059/814 1188/1054/998 1190/1058/814
f 1190/1058/814 1192/1060/1000 1191/1059/814
f 1193/1061/1000 1191/1059/814 1192/1060/1000
f 1192/1060/1000 1194/1062/989 1193/1061/1000
f 1195/1063/989 1193/1061/1000 1194/1062/989
f 1194/1062/989 1196/1064/1001 1195/1063/989
f 1197/1065/1001 1195/1063/989 1196/1064/1001
f 1196/1064/1001 1198/1066/1002 1197/1065/1001
f 1199/1067/1002 1197/1065/1001 1198/1066/1002
f 1198/1066/1002 1200/1068/82 1199/1067/1002
f 1201/1069/82 1199/1067/1002 1200/1068/82
f 1200/1068/82 1202/1070/1003 1201/1069/82
f 1203/1071/1003 1201/1069/82 1202/1070/1003
f 1202/1070/1003 1204/1072/1004 1203/1071/1003
f 1205/1073/1004 1203/1071/1003 1204/1072/1004
f 1204/1072/1004 1206/1074/992 1205/1073/1004
f 1207/1075/992 1205/1073/1004 1206/1074/992
f 1206/1074/992 1208/1076/1005 1207/1075/992
f 1209/1077/1005 1207/1075/992 1208/1076/1005
f 1208/1076/1005 1210/1078/825 1209/1077/1005
f 1211/1079/825 1209/1077/1005 1210/1078/825
f 1210/1078/825 1212/1080/1006 1211/1079/825
f 1213/1081/1006 1211/1079/825 1212/1080/1006
f 1212/1080/1006 1214/1082/1007 1213/1081/1006
f 1215/1083/1007 1213/1081/1006 1214/1082/1007
f 1214/1082/1007 1216/1084/828 1215/1083/1007
f 1217/1085/828 1215/1083/1007 1216/1084/828
f 1216/1084/828 1218/1086/997 1217/1085/828
f 1219/1087/997 1217/1085/828 1218/1086/997
f 1222/1088/5 1220/1089/5 1221/1090/5
f 1221/1090/5 1220/1089/5 1223/1091/5
f 1223/1091/5 1220/1089/5 1224/1092/5
f 1224/1092/5 1220/1089/5 1225/1093/5
f 1225/1093/5 1220/1089/5 1226/1094/5
f 1226/1094/5 1220/1089/5 1227/1095/5
f 1227/1095/5 1220/1089/5 1228/1096/5
f 1228/1096/5 1220/1089/5 1229/1097/5
f 1229/1097/5 1220/1089/5 1230/1098/5
f 1230/1098/5 1220/1089/5 1231/1099/5
f 1231/1099/5 1220/1089/5 1232/1100/5
f 1232/1100/5 1220/1089/5 1233/1101/5
f 1233/1101/5 1220/1089/5 1234/1102/5
f 1234/1102/5 1220/1089/5 1235/1103/5
f 1238/1019/1008 1236/1020/1009 1237/1021/1010
f 1239/1022/1011 1237/1021/1010 1236/1020/1009
f 1236/1020/1012 1238/1019/1013 1240/1023/1014
f 1241/1024/1015 1239/1022/1015 1236/1020/1015
f 1236/1020/1012 1240/1023/1014 1241/1024/1016
f 1242/1025/1017 1240/1023/1014 1238/1019/1013
f 1239/1022/853 1241/1024/1018 1243/1026/1019
f 1240/1023/1020 1242/1025/1021 1244/1027/1022
f 1245/1028/1023 1241/1024/1016 1240/1023/1014
f 1240/1023/1024 1244/1027/1025 1245/1028/1026
f 1246/1029/1027 1244/1027/1022 1242/1025/1021
f 1245/1028/1023 1247/1030/1028 1241/1024/1016
f 1248/1031/1029 1243/1026/1019 1241/1024/1018
f 1248/1031/1030 1241/1024/1016 1247/1030/1028
f 1243/1026/1019 1248/1031/1029 1249/1032/1031
f 1250/1033/1032 1249/1032/1031 1248/1031/1029
f 1250/1033/1032 1248/1031/1029 1251/1034/1033
f 1251/1034/1034 1248/1031/1034 1247/1030/1034
f 1252/1035/1035 1251/1034/1036 1247/1030/1037
f 1253/1036/1038 1245/1028/1026 1244/1027/1025
f 1245/1028/1039 1253/1036/1040 1247/1030/1037
f 1247/1030/1037 1254/1037/1041 1252/1035/1035
f 1254/1037/1041 1247/1030/1037 1253/1036/1040
f 1255/1038/1042 1252/1035/1035 1254/1037/1041
f 1244/1027/879 1256/1039/880 1253/1036/881
f 1244/1027/882 1246/1029/1043 1256/1039/1044
f 1253/1036/1040 1257/1040/1045 1254/1037/1041
f 1257/1040/886 1253/1036/881 1256/1039/880
f 1254/1037/1041 1258/1041/1046 1255/1038/1042
f 1258/1041/1046 1254/1037/1041 1257/1040/1045
f 1259/1042/1047 1255/1038/1042 1258/1041/1046
f 1259/1042/1047 1258/1041/1046 1260/1043/1048
f 1260/1043/1049 1258/1041/1049 1261/1044/1049
f 1258/1041/1050 1257/1040/1051 1261/1044/1052
f 1262/1045/1053 1260/1043/1054 1261/1044/1055
f 1261/1044/1055 1263/1046/1056 1262/1045/1053
f 1264/1047/1057 1262/1045/1053 1263/1046/1056
f 1263/1046/1058 1261/1044/1059 1265/1048/1060
f 1266/1049/1061 1261/1044/1052 1257/1040/1051
f 1266/1049/1062 1265/1048/1060 1261/1044/1059
f 1266/1049/1061 1257/1040/1051 1267/1050/1063
f 1267/1050/1064 1265/1048/1064 1266/1049/1064
f 1256/1039/1065 1267/1050/1063 1257/1040/1051
f 1267/1050/1066 1268/1051/1067 1265/1048/1068
f 1269/1052/1069 1265/1048/1068 1268/1051/1067
f 1268/1051/1070 1267/1050/1063 1270/1053/1071
f 1256/1039/1065 1270/1053/1071 1267/1050/1063
f 1270/1053/1072 1256/1039/1044 1246/1029/1043
f 1269/1052/1073 1271/1051/1074 1272/1048/1075
f 1273/1050/1076 1272/1048/1075 1271/1051/1074
f 1271/1051/1077 1274/1053/1078 1273/1050/1079
f 1275/1049/1080 1272/1048/1080 1273/1050/1080
f 1274/1053/1081 1246/1029/1082 1276/1039/1083
f 1276/1039/1084 1273/1050/1079 1274/1053/1078
f 1277/1027/926 1276/1039/1083 1246/1029/1082
f 1275/1049/1085 1273/1050/1079 1278/1040/1086
f 1276/1039/1084 1278/1040/1086 1273/1050/1079
f 1275/1049/1087 1279/1044/1088 1272/1048/1089
f 1275/1049/1085 1278/1040/1086 1279/1044/1090
f 1280/1046/1091 1272/1048/1089 1279/1044/1088
f 1246/1029/1092 1281/1025/1093 1277/1027/1094
f 1279/1044/1095 1282/1045/1096 1280/1046/1097
f 1283/1047/1098 1280/1046/1097 1282/1045/1096
f 1279/1044/1095 1284/1043/1099 1282/1045/1096
f 1279/1044/1100 1285/1041/1100 1284/1043/1100
f 1285/1041/1101 1279/1044/1090 1278/1040/1086
f 1284/1043/1102 1285/1041/1103 1286/1042/1104
f 1286/1042/1104 1285/1041/1103 1287/1038/1105
f 1288/1037/1106 1287/1038/1105 1285/1041/1103
f 1285/1041/1103 1278/1040/1107 1288/1037/1106
f 1287/1038/1105 1288/1037/1106 1289/1035/1108
f 1290/1036/1109 1288/1037/1106 1278/1040/1107
f 1278/1040/952 1276/1039/953 1290/1036/954
f 1277/1027/955 1290/1036/954 1276/1039/953
f 1291/1030/1110 1289/1035/1108 1288/1037/1106
f 1288/1037/1106 1290/1036/1109 1291/1030/1110
f 1291/1030/1110 1292/1034/1111 1289/1035/1108
f 1290/1036/1112 1277/1027/1113 1293/1028/1114
f 1293/1028/1115 1291/1030/1110 1290/1036/1109
f 1294/1023/1116 1293/1028/1114 1277/1027/1113
f 1294/1023/1117 1277/1027/1094 1281/1025/1093
f 1281/1025/1118 1295/1019/1119 1294/1023/1120
f 1293/1028/1121 1294/1023/1120 1296/1024/1122
f 1293/1028/1121 1296/1024/1122 1291/1030/1123
f 1297/1020/1124 1294/1023/1120 1295/1019/1119
f 1297/1020/1124 1296/1024/1122 1294/1023/1120
f 1295/1019/1125 1237/1021/1126 1297/1020/1127
f 1298/1022/1128 1297/1020/1127 1237/1021/1126
f 1297/1020/1129 1298/1022/1129 1296/1024/1129
f 1298/1022/976 1299/1026/1130 1296/1024/1131
f 1300/1031/1132 1291/1030/1123 1296/1024/1122
f 1300/1031/1133 1296/1024/1131 1299/1026/1130
f 1291/1030/1134 1300/1031/1134 1292/1034/1134
f 1299/1026/1130 1301/1032/1135 1300/1031/1133
f 1292/1034/1136 1300/1031/1133 1302/1033/1137
f 1302/1033/1137 1300/1031/1133 1301/1032/1135
f 892/862/1138 889/857/1139 1304/857/1140 1305/862/1141
f 904/874/1142 900/870/1143 1309/870/1144 1311/874/1145
f 921/891/1146 925/895/1147 1322/895/1148 1320/891/1149
f 924/894/1150 920/890/1151 1319/890/1152 1321/894/1153
f 901/871/1154 905/875/1155 1312/875/1156 1310/871/1157
f 897/867/1158 901/871/1154 1310/871/1157 1308/867/1159
f 889/857/1139 887/859/1160 1303/859/1161 1304/857/1140
f 912/882/1162 908/878/1163 1313/878/1164 1315/882/1165
f 900/870/1143 896/866/1166 1307/866/1167 1309/870/1144
f 909/879/1168 913/883/1169 1316/883/1170 1314/879/1171
f 905/875/1155 909/879/1168 1314/879/1171 1312/875/1156
f 920/890/1151 916/886/1172 1317/886/1173 1319/890/1152
f 908/878/1163 904/874/1142 1311/874/1145 1313/878/1164
f 887/859/1160 893/863/1174 1306/863/1175 1303/859/1161
f 917/887/1176 921/891/1146 1320/891/1149 1318/887/1177
f 896/866/1166 892/862/1138 1305/862/1141 1307/866/1167
f 913/883/1169 917/887/1176 1318/887/1177 1316/883/1170
f 925/895/1147 924/894/1150 1321/894/1153 1322/895/1148
f 916/886/1172 912/882/1162 1315/882/1165 1317/886/1173
f 893/863/1174 897/867/1158 1308/867/1159 1306/863/1175
f 1317/886/1173 1315/882/1165 1323/886/1178
f 1310/871/1157 1312/875/1156 1323/871/1178
f 1321/894/1153 1319/890/1152 1323/894/1178
f 1314/879/1171 1316/883/1170 1323/879/1178
f 1307/866/1167 1305/862/1141 1323/866/1178
f 1305/862/1141 1304/857/1140 1323/862/1178
f 1318/887/1177 1320/891/1149 1323/887/1178
f 1311/874/1145 1309/870/1144 1323/874/1178
f 1308/867/1159 1310/871/1157 1323/867/1178
f 1304/857/1140 1303/859/1161 1323/857/1178
f 1315/882/1165 1313/878/1164 1323/882/1178
f 1312/875/1156 1314/879/1171 1323/875/1178
f 1303/859/1161 1306/863/1175 1323/859/1178
f 1319/890/1152 1317/886/1173 1323/890/1178
f 1316/883/1170 1318/887/1177 1323/883/1178
f 1309/870/1144 1307/866/1167 1323/870/1178
f 1322/895/1148 1321/894/1153 1323/895/1178
f 1320/891/1149 1322/895/1148 1323/891/1178
f 1313/878/1164 1311/874/1145 1323/878/1178
f 1306/863/1175 1308/867/1159 1323/863/1178
f 872/814/828 874/820/828 870/808/828
f 875/825/82 877/831/82 879/837/82 881/843/82 883/849/82 885/855/82 884/850/82 882/844/82 880/838/82 878/832/82 876/826/82 874/820/82 870/808/82 868/802/82 866/799/82 867/801/82 869/807/82 871/813/82 873/819/82
s 0
f 1324/1104/1179 1325/1104/1179 1327/1104/1179 1326/1104/1179
f 1326/1104/1180 1327/1104/1180 1329/1104/1180 1328/1104/1180
f 1328/1104/1181 1329/1104/1181 1331/1104/1181 1330/1104/1181
f 1330/1104/1182 1331/1104/1182 1333/1104/1182 1332/1104/1182
f 1332/1104/1183 1333/1104/1183 1335/1104/1183 1334/1104/1183
f 1334/1104/1184 1335/1104/1184 1337/1104/1184 1336/1104/1184
f 1336/1104/1185 1337/1104/1185 1339/1104/1185 1338/1104/1185
f 1338/1104/1186 1339/1104/1186 1341/1104/1186 1340/1104/1186
f 1340/1104/1187 1341/1104/1187 1343/1104/1187 1342/1104/1187
f 1342/1104/1188 1343/1104/1188 1345/1104/1188 1344/1104/1188
f 1344/1104/1189 1345/1104/1189 1347/1104/1189 1346/1104/1189
f 1346/1104/1190 1347/1104/1190 1349/1104/1190 1348/1104/1190
f 1348/1104/1191 1349/1104/1191 1351/1104/1191 1350/1104/1191
f 1350/1104/1192 1351/1104/1192 1353/1104/1192 1352/1104/1192
f 1352/1104/1193 1353/1104/1193 1355/1104/1193 1354/1104/1193
f 1354/1104/1194 1355/1104/1194 1357/1104/1194 1356/1104/1194
f 1356/1104/1195 1357/1104/1195 1359/1104/1195 1358/1104/1195
f 1358/1104/1196 1359/1104/1196 1361/1104/1196 1360/1104/1196
f 1360/1104/1197 1361/1104/1197 1363/1104/1197 1362/1104/1197
f 1362/1104/1198 1363/1104/1198 1365/1104/1198 1364/1104/1198
f 1364/1104/1199 1365/1104/1199 1367/1104/1199 1366/1104/1199
f 1366/1104/1200 1367/1104/1200 1369/1104/1200 1368/1104/1200
f 1368/1104/1201 1369/1104/1201 1371/1104/1201 1370/1104/1201
f 1370/1104/1202 1371/1104/1202 1373/1104/1202 1372/1104/1202
f 1372/1104/1203 1373/1104/1203 1375/1104/1203 1374/1104/1203
f 1374/1104/1204 1375/1104/1204 1377/1104/1204 1376/1104/1204
f 1376/1104/1205 1377/1104/1205 1379/1104/1205 1378/1104/1205
f 1378/1104/1206 1379/1104/1206 1381/1104/1206 1380/1104/1206
f 1380/1104/1207 1381/1104/1207 1383/1104/1207 1382/1104/1207
f 1382/1104/1208 1383/1104/1208 1385/1104/1208 1384/1104/1208
f 1327/1104/10 1325/1104/10 1387/1104/10 1385/1104/10 1383/1104/10 1381/1104/10 1379/1104/10 1377/1104/10 1375/1104/10 1373/1104/10 1371/1104/10 1369/1104/10 1367/1104/10 1365/1104/10 1363/1104/10 1361/1104/10 1359/1104/10 1357/1104/10 1355/1104/10 1353/1104/10 1351/1104/10 1349/1104/10 1347/1104/10 1345/1104/10 1343/1104/10 1341/1104/10 1339/1104/10 1337/1104/10 1335/1104/10 1333/1104/10 1331/1104/10 1329/1104/10
f 1384/1104/1209 1385/1104/1209 1387/1104/1209 1386/1104/1209
f 1386/1104/1210 1387/1104/1210 1325/1104/1210 1324/1104/1210
f 1324/1104/21 1326/1104/21 1328/1104/21 1330/1104/21 1332/1104/21 1334/1104/21 1336/1104/21 1338/1104/21 1340/1104/21 1342/1104/21 1344/1104/21 1346/1104/21 1348/1104/21 1350/1104/21 1352/1104/21 1354/1104/21 1356/1104/21 1358/1104/21 1360/1104/21 1362/1104/21 1364/1104/21 1366/1104/21 1368/1104/21 1370/1104/21 1372/1104/21 1374/1104/21 1376/1104/21 1378/1104/21 1380/1104/21 1382/1104/21 1384/1104/21 1386/1104/21
f 1388/1104/1179 1389/1104/1179 1391/1104/1179 1390/1104/1179
f 1390/1104/1180 1391/1104/1180 1393/1104/1180 1392/1104/1180
f 1392/1104/1181 1393/1104/1181 1395/1104/1181 1394/1104/1181
f 1394/1104/1182 1395/1104/1182 1397/1104/1182 1396/1104/1182
f 1396/1104/1183 1397/1104/1183 1399/1104/1183 1398/1104/1183
f 1398/1104/1184 1399/1104/1184 1401/1104/1184 1400/1104/1184
f 1400/1104/1185 1401/1104/1185 1403/1104/1185 1402/1104/1185
f 1402/1104/1186 1403/1104/1186 1405/1104/1186 1404/1104/1186
f 1404/1104/1187 1405/1104/1187 1407/1104/1187 1406/1104/1187
f 1406/1104/1188 1407/1104/1188 1409/1104/1188 1408/1104/1188
f 1408/1104/1189 1409/1104/1189 1411/1104/1189 1410/1104/1189
f 1410/1104/1190 1411/1104/1190 1413/1104/1190 1412/1104/1190
f 1412/1104/1191 1413/1104/1191 1415/1104/1191 1414/1104/1191
f 1414/1104/1192 1415/1104/1192 1417/1104/1192 1416/1104/1192
f 1416/1104/1193 1417/1104/1193 1419/1104/1193 1418/1104/1193
f 1418/1104/1194 1419/1104/1194 1421/1104/1194 1420/1104/1194
f 1420/1104/1195 1421/1104/1195 1423/1104/1195 1422/1104/1195
f 1422/1104/1196 1423/1104/1196 1425/1104/1196 1424/1104/1196
f 1424/1104/1197 1425/1104/1197 1427/1104/1197 1426/1104/1197
f 1426/1104/1198 1427/1104/1198 1429/1104/1198 1428/1104/1198
f 1428/1104/1199 1429/1104/1199 1431/1104/1199 1430/1104/1199
f 1430/1104/1200 1431/1104/1200 1433/1104/1200 1432/1104/1200
f 1432/1104/1201 1433/1104/1201 1435/1104/1201 1434/1104/1201
f 1434/1104/1202 1435/1104/1202 1437/1104/1202 1436/1104/1202
f 1436/1104/1203 1437/1104/1203 1439/1104/1203 1438/1104/1203
f 1438/1104/1204 1439/1104/1204 1441/1104/1204 1440/1104/1204
f 1440/1104/1205 1441/1104/1205 1443/1104/1205 1442/1104/1205
f 1442/1104/1206 1443/1104/1206 1445/1104/1206 1444/1104/1206
f 1444/1104/1207 1445/1104/1207 1447/1104/1207 1446/1104/1207
f 1446/1104/1208 1447/1104/1208 1449/1104/1208 1448/1104/1208
f 1391/1104/10 1389/1104/10 1451/1104/10 1449/1104/10 1447/1104/10 1445/1104/10 1443/1104/10 1441/1104/10 1439/1104/10 1437/1104/10 1435/1104/10 1433/1104/10 1431/1104/10 1429/1104/10 1427/1104/10 1425/1104/10 1423/1104/10 1421/1104/10 1419/1104/10 1417/1104/10 1415/1104/10 1413/1104/10 1411/1104/10 1409/1104/10 1407/1104/10 1405/1104/10 1403/1104/10 1401/1104/10 1399/1104/10 1397/1104/10 1395/1104/10 1393/1104/10
f 1448/1104/1209 1449/1104/1209 1451/1104/1209 1450/1104/1209
f 1450/1104/1210 1451/1104/1210 1389/1104/1210 1388/1104/1210
f 1388/1104/21 1390/1104/21 1392/1104/21 1394/1104/21 1396/1104/21 1398/1104/21 1400/1104/21 1402/1104/21 1404/1104/21 1406/1104/21 1408/1104/21 1410/1104/21 1412/1104/21 1414/1104/21 1416/1104/21 1418/1104/21 1420/1104/21 1422/1104/21 1424/1104/21 1426/1104/21 1428/1104/21 1430/1104/21 1432/1104/21 1434/1104/21 1436/1104/21 1438/1104/21 1440/1104/21 1442/1104/21 1444/1104/21 1446/1104/21 1448/1104/21 1450/1104/21
f 1452/1104/1211 1453/1104/1211 1455/1104/1211 1454/1104/1211
f 1454/1104/1212 1455/1104/1212 1457/1104/1212 1456/1104/1212
f 1456/1104/1213 1457/1104/1213 1459/1104/1213 1458/1104/1213
f 1458/1104/1214 1459/1104/1214 1461/1104/1214 1460/1104/1214
f 1460/1104/1215 1461/1104/1215 1463/1104/1215 1462/1104/1215
f 1462/1104/1216 1463/1104/1216 1465/1104/1216 1464/1104/1216
f 1464/1104/1217 1465/1104/1217 1467/1104/1217 1466/1104/1217
f 1466/1104/1218 1467/1104/1218 1469/1104/1218 1468/1104/1218
f 1468/1104/1219 1469/1104/1219 1471/1104/1219 1470/1104/1219
f 1470/1104/1220 1471/1104/1220 1473/1104/1220 1472/1104/1220
f 1472/1104/1221 1473/1104/1221 1475/1104/1221 1474/1104/1221
f 1474/1104/1222 1475/1104/1222 1477/1104/1222 1476/1104/1222
f 1476/1104/1223 1477/1104/1223 1479/1104/1223 1478/1104/1223
f 1478/1104/1224 1479/1104/1224 1481/1104/1224 1480/1104/1224
f 1480/1104/1225 1481/1104/1225 1483/1104/1225 1482/1104/1225
f 1482/1104/1226 1483/1104/1226 1485/1104/1226 1484/1104/1226
f 1484/1104/1227 1485/1104/1227 1487/1104/1227 1486/1104/1227
f 1486/1104/1228 1487/1104/1228 1489/1104/1228 1488/1104/1228
f 1488/1104/1229 1489/1104/1229 1491/1104/1229 1490/1104/1229
f 1490/1104/1230 1491/1104/1230 1493/1104/1230 1492/1104/1230
f 1492/1104/1231 1493/1104/1231 1495/1104/1231 1494/1104/1231
f 1494/1104/1232 1495/1104/1232 1497/1104/1232 1496/1104/1232
f 1496/1104/1233 1497/1104/1233 1499/1104/1233 1498/1104/1233
f 1498/1104/1234 1499/1104/1234 1501/1104/1234 1500/1104/1234
f 1500/1104/1235 1501/1104/1235 1503/1104/1235 1502/1104/1235
f 1502/1104/1236 1503/1104/1236 1505/1104/1236 1504/1104/1236
f 1504/1104/1237 1505/1104/1237 1507/1104/1237 1506/1104/1237
f 1506/1104/1238 1507/1104/1238 1509/1104/1238 1508/1104/1238
f 1508/1104/1239 1509/1104/1239 1511/1104/1239 1510/1104/1239
f 1510/1104/1240 1511/1104/1240 1513/1104/1240 1512/1104/1240
f 1455/1104/5 1453/1104/5 1515/1104/5 1513/1104/5 1511/1104/5 1509/1104/5 1507/1104/5 1505/1104/5 1503/1104/5 1501/1104/5 1499/1104/5 1497/1104/5 1495/1104/5 1493/1104/5 1491/1104/5 1489/1104/5 1487/1104/5 1485/1104/5 1483/1104/5 1481/1104/5 1479/1104/5 1477/1104/5 1475/1104/5 1473/1104/5 1471/1104/5 1469/1104/5 1467/1104/5 1465/1104/5 1463/1104/5 1461/1104/5 1459/1104/5 1457/1104/5
f 1512/1104/1241 1513/1104/1241 1515/1104/1241 1514/1104/1241
f 1514/1104/1242 1515/1104/1242 1453/1104/1242 1452/1104/1242
f 1452/1104/16 1454/1104/16 1456/1104/16 1458/1104/16 1460/1104/16 1462/1104/16 1464/1104/16 1466/1104/16 1468/1104/16 1470/1104/16 1472/1104/16 1474/1104/16 1476/1104/16 1478/1104/16 1480/1104/16 1482/1104/16 1484/1104/16 1486/1104/16 1488/1104/16 1490/1104/16 1492/1104/16 1494/1104/16 1496/1104/16 1498/1104/16 1500/1104/16 1502/1104/16 1504/1104/16 1506/1104/16 1508/1104/16 1510/1104/16 1512/1104/16 1514/1104/16
f 1516/1104/1211 1517/1104/1211 1519/1104/1211 1518/1104/1211
f 1518/1104/1212 1519/1104/1212 1521/1104/1212 1520/1104/1212
f 1520/1104/1213 1521/1104/1213 1523/1104/1213 1522/1104/1213
f 1522/1104/1214 1523/1104/1214 1525/1104/1214 1524/1104/1214
f 1524/1104/1215 1525/1104/1215 1527/1104/1215 1526/1104/1215
f 1526/1104/1216 1527/1104/1216 1529/1104/1216 1528/1104/1216
f 1528/1104/1217 1529/1104/1217 1531/1104/1217 1530/1104/1217
f 1530/1104/1218 1531/1104/1218 1533/1104/1218 1532/1104/1218
f 1532/1104/1219 1533/1104/1219 1535/1104/1219 1534/1104/1219
f 1534/1104/1220 1535/1104/1220 1537/1104/1220 1536/1104/1220
f 1536/1104/1221 1537/1104/1221 1539/1104/1221 1538/1104/1221
f 1538/1104/1222 1539/1104/1222 1541/1104/1222 1540/1104/1222
f 1540/1104/1223 1541/1104/1223 1543/1104/1223 1542/1104/1223
f 1542/1104/1224 1543/1104/1224 1545/1104/1224 1544/1104/1224
f 1544/1104/1225 1545/1104/1225 1547/1104/1225 1546/1104/1225
f 1546/1104/1226 1547/1104/1226 1549/1104/1226 1548/1104/1226
f 1548/1104/1227 1549/1104/1227 1551/1104/1227 1550/1104/1227
f 1550/1104/1228 1551/1104/1228 1553/1104/1228 1552/1104/1228
f 1552/1104/1229 1553/1104/1229 1555/1104/1229 1554/1104/1229
f 1554/1104/1230 1555/1104/1230 1557/1104/1230 1556/1104/1230
f 1556/1104/1231 1557/1104/1231 1559/1104/1231 1558/1104/1231
f 1558/1104/1232 1559/1104/1232 1561/1104/1232 1560/1104/1232
f 1560/1104/1233 1561/1104/1233 1563/1104/1233 1562/1104/1233
f 1562/1104/1234 1563/1104/1234 1565/1104/1234 1564/1104/1234
f 1564/1104/1235 1565/1104/1235 1567/1104/1235 1566/1104/1235
f 1566/1104/1236 1567/1104/1236 1569/1104/1236 1568/1104/1236
f 1568/1104/1237 1569/1104/1237 1571/1104/1237 1570/1104/1237
f 1570/1104/1238 1571/1104/1238 1573/1104/1238 1572/1104/1238
f 1572/1104/1239 1573/1104/1239 1575/1104/1239 1574/1104/1239
f 1574/1104/1240 1575/1104/1240 1577/1104/1240 1576/1104/1240
f 1519/1104/5 1517/1104/5 1579/1104/5 1577/1104/5 1575/1104/5 1573/1104/5 1571/1104/5 1569/1104/5 1567/1104/5 1565/1104/5 1563/1104/5 1561/1104/5 1559/1104/5 1557/1104/5 1555/1104/5 1553/1104/5 1551/1104/5 1549/1104/5 1547/1104/5 1545/1104/5 1543/1104/5 1541/1104/5 1539/1104/5 1537/1104/5 1535/1104/5 1533/1104/5 1531/1104/5 1529/1104/5 1527/1104/5 1525/1104/5 1523/1104/5 1521/1104/5
f 1576/1104/1241 1577/1104/1241 1579/1104/1241 1578/1104/1241
f 1578/1104/1242 1579/1104/1242 1517/1104/1242 1516/1104/1242
f 1516/1104/16 1518/1104/16 1520/1104/16 1522/1104/16 1524/1104/16 1526/1104/16 1528/1104/16 1530/1104/16 1532/1104/16 1534/1104/16 1536/1104/16 1538/1104/16 1540/1104/16 1542/1104/16 1544/1104/16 1546/1104/16 1548/1104/16 1550/1104/16 1552/1104/16 1554/1104/16 1556/1104/16 1558/1104/16 1560/1104/16 1562/1104/16 1564/1104/16 1566/1104/16 1568/1104/16 1570/1104/16 1572/1104/16 1574/1104/16 1576/1104/16 1578/1104/16
f 1580/1104/1243 1581/1104/1243 1583/1104/1243 1582/1104/1243
f 1582/1104/1244 1583/1104/1244 1585/1104/1244 1584/1104/1244
f 1584/1104/1245 1585/1104/1245 1587/1104/1245 1586/1104/1245
f 1586/1104/1246 1587/1104/1246 1589/1104/1246 1588/1104/1246
f 1588/1104/1247 1589/1104/1247 1591/1104/1247 1590/1104/1247
f 1590/1104/1248 1591/1104/1248 1593/1104/1248 1592/1104/1248
f 1592/1104/1249 1593/1104/1249 1595/1104/1249 1594/1104/1249
f 1594/1104/1250 1595/1104/1250 1597/1104/1250 1596/1104/1250
f 1596/1104/1251 1597/1104/1251 1599/1104/1251 1598/1104/1251
f 1598/1104/1252 1599/1104/1252 1601/1104/1252 1600/1104/1252
f 1600/1104/1253 1601/1104/1253 1603/1104/1253 1602/1104/1253
f 1602/1104/1254 1603/1104/1254 1605/1104/1254 1604/1104/1254
f 1604/1104/1255 1605/1104/1255 1607/1104/1255 1606/1104/1255
f 1606/1104/1256 1607/1104/1256 1609/1104/1256 1608/1104/1256
f 1608/1104/1257 1609/1104/1257 1611/1104/1257 1610/1104/1257
f 1610/1104/1258 1611/1104/1258 1613/1104/1258 1612/1104/1258
f 1612/1104/1259 1613/1104/1259 1615/1104/1259 1614/1104/1259
f 1614/1104/1260 1615/1104/1260 1617/1104/1260 1616/1104/1260
f 1616/1104/1261 1617/1104/1261 1619/1104/1261 1618/1104/1261
f 1618/1104/1262 1619/1104/1262 1621/1104/1262 1620/1104/1262
f 1620/1104/1263 1621/1104/1263 1623/1104/1263 1622/1104/1263
f 1622/1104/1264 1623/1104/1264 1625/1104/1264 1624/1104/1264
f 1624/1104/1265 1625/1104/1265 1627/1104/1265 1626/1104/1265
f 1626/1104/1266 1627/1104/1266 1629/1104/1266 1628/1104/1266
f 1628/1104/1267 1629/1104/1267 1631/1104/1267 1630/1104/1267
f 1630/1104/1268 1631/1104/1268 1633/1104/1268 1632/1104/1268
f 1632/1104/1269 1633/1104/1269 1635/1104/1269 1634/1104/1269
f 1634/1104/1270 1635/1104/1270 1637/1104/1270 1636/1104/1270
f 1636/1104/1271 1637/1104/1271 1639/1104/1271 1638/1104/1271
f 1638/1104/1272 1639/1104/1272 1641/1104/1272 1640/1104/1272
f 1583/1104/97 1581/1104/97 1643/1104/97 1641/1104/97 1639/1104/97 1637/1104/97 1635/1104/97 1633/1104/97 1631/1104/97 1629/1104/97 1627/1104/97 1625/1104/97 1623/1104/97 1621/1104/97 1619/1104/97 1617/1104/97 1615/1104/97 1613/1104/97 1611/1104/97 1609/1104/97 1607/1104/97 1605/1104/97 1603/1104/97 1601/1104/97 1599/1104/97 1597/1104/97 1595/1104/97 1593/1104/97 1591/1104/97 1589/1104/97 1587/1104/97 1585/1104/97
f 1640/1104/1273 1641/1104/1273 1643/1104/1273 1642/1104/1273
f 1642/1104/1274 1643/1104/1274 1581/1104/1274 1580/1104/1274
f 1580/1104/96 1582/1104/96 1584/1104/96 1586/1104/96 1588/1104/96 1590/1104/96 1592/1104/96 1594/1104/96 1596/1104/96 1598/1104/96 1600/1104/96 1602/1104/96 1604/1104/96 1606/1104/96 1608/1104/96 1610/1104/96 1612/1104/96 1614/1104/96 1616/1104/96 1618/1104/96 1620/1104/96 1622/1104/96 1624/1104/96 1626/1104/96 1628/1104/96 1630/1104/96 1632/1104/96 1634/1104/96 1636/1104/96 1638/1104/96 1640/1104/96 1642/1104/96
f 1644/1104/1243 1645/1104/1243 1647/1104/1243 1646/1104/1243
f 1646/1104/1244 1647/1104/1244 1649/1104/1244 1648/1104/1244
f 1648/1104/1245 1649/1104/1245 1651/1104/1245 1650/1104/1245
f 1650/1104/1246 1651/1104/1246 1653/1104/1246 1652/1104/1246
f 1652/1104/1247 1653/1104/1247 1655/1104/1247 1654/1104/1247
f 1654/1104/1248 1655/1104/1248 1657/1104/1248 1656/1104/1248
f 1656/1104/1249 1657/1104/1249 1659/1104/1249 1658/1104/1249
f 1658/1104/1250 1659/1104/1250 1661/1104/1250 1660/1104/1250
f 1660/1104/1251 1661/1104/1251 1663/1104/1251 1662/1104/1251
f 1662/1104/1252 1663/1104/1252 1665/1104/1252 1664/1104/1252
f 1664/1104/1253 1665/1104/1253 1667/1104/1253 1666/1104/1253
f 1666/1104/1254 1667/1104/1254 1669/1104/1254 1668/1104/1254
f 1668/1104/1255 1669/1104/1255 1671/1104/1255 1670/1104/1255
f 1670/1104/1256 1671/1104/1256 1673/1104/1256 1672/1104/1256
f 1672/1104/1257 1673/1104/1257 1675/1104/1257 1674/1104/1257
f 1674/1104/1258 1675/1104/1258 1677/1104/1258 1676/1104/1258
f 1676/1104/1259 1677/1104/1259 1679/1104/1259 1678/1104/1259
f 1678/1104/1260 1679/1104/1260 1681/1104/1260 1680/1104/1260
f 1680/1104/1261 1681/1104/1261 1683/1104/1261 1682/1104/1261
f 1682/1104/1262 1683/1104/1262 1685/1104/1262 1684/1104/1262
f 1684/1104/1263 1685/1104/1263 1687/1104/1263 1686/1104/1263
f 1686/1104/1264 1687/1104/1264 1689/1104/1264 1688/1104/1264
f 1688/1104/1265 1689/1104/1265 1691/1104/1265 1690/1104/1265
f 1690/1104/1266 1691/1104/1266 1693/1104/1266 1692/1104/1266
f 1692/1104/1267 1693/1104/1267 1695/1104/1267 1694/1104/1267
f 1694/1104/1268 1695/1104/1268 1697/1104/1268 1696/1104/1268
f 1696/1104/1269 1697/1104/1269 1699/1104/1269 1698/1104/1269
f 1698/1104/1270 1699/1104/1270 1701/1104/1270 1700/1104/1270
f 1700/1104/1271 1701/1104/1271 1703/1104/1271 1702/1104/1271
f 1702/1104/1272 1703/1104/1272 1705/1104/1272 1704/1104/1272
f 1647/1104/97 1645/1104/97 1707/1104/97 1705/1104/97 1703/1104/97 1701/1104/97 1699/1104/97 1697/1104/97 1695/1104/97 1693/1104/97 1691/1104/97 1689/1104/97 1687/1104/97 1685/1104/97 1683/1104/97 1681/1104/97 1679/1104/97 1677/1104/97 1675/1104/97 1673/1104/97 1671/1104/97 1669/1104/97 1667/1104/97 1665/1104/97 1663/1104/97 1661/1104/97 1659/1104/97 1657/1104/97 1655/1104/97 1653/1104/97 1651/1104/97 1649/1104/97
f 1704/1104/1273 1705/1104/1273 1707/1104/1273 1706/1104/1273
f 1706/1104/1274 1707/1104/1274 1645/1104/1274 1644/1104/1274
f 1644/1104/96 1646/1104/96 1648/1104/96 1650/1104/96 1652/1104/96 1654/1104/96 1656/1104/96 1658/1104/96 1660/1104/96 1662/1104/96 1664/1104/96 1666/1104/96 1668/1104/96 1670/1104/96 1672/1104/96 1674/1104/96 1676/1104/96 1678/1104/96 1680/1104/96 1682/1104/96 1684/1104/96 1686/1104/96 1688/1104/96 1690/1104/96 1692/1104/96 1694/1104/96 1696/1104/96 1698/1104/96 1700/1104/96 1702/1104/96 1704/1104/96 1706/1104/96
f 1708/1104/1275 1709/1104/1275 1711/1104/1275 1710/1104/1275
f 1710/1104/1276 1711/1104/1276 1713/1104/1276 1712/1104/1276
f 1712/1104/1277 1713/1104/1277 1715/1104/1277 1714/1104/1277
f 1714/1104/1278 1715/1104/1278 1717/1104/1278 1716/1104/1278
f 1716/1104/1279 1717/1104/1279 1719/1104/1279 1718/1104/1279
f 1718/1104/1280 1719/1104/1280 1721/1104/1280 1720/1104/1280
f 1720/1104/1281 1721/1104/1281 1723/1104/1281 1722/1104/1281
f 1722/1104/1282 1723/1104/1282 1725/1104/1282 1724/1104/1282
f 1724/1104/1283 1725/1104/1283 1727/1104/1283 1726/1104/1283
f 1726/1104/1284 1727/1104/1284 1729/1104/1284 1728/1104/1284
f 1728/1104/1285 1729/1104/1285 1731/1104/1285 1730/1104/1285
f 1730/1104/1286 1731/1104/1286 1733/1104/1286 1732/1104/1286
f 1732/1104/1287 1733/1104/1287 1735/1104/1287 1734/1104/1287
f 1734/1104/1288 1735/1104/1288 1737/1104/1288 1736/1104/1288
f 1736/1104/1289 1737/1104/1289 1739/1104/1289 1738/1104/1289
f 1738/1104/1290 1739/1104/1290 1741/1104/1290 1740/1104/1290
f 1740/1104/1291 1741/1104/1291 1743/1104/1291 1742/1104/1291
f 1742/1104/1292 1743/1104/1292 1745/1104/1292 1744/1104/1292
f 1744/1104/1293 1745/1104/1293 1747/1104/1293 1746/1104/1293
f 1746/1104/1294 1747/1104/1294 1749/1104/1294 1748/1104/1294
f 1748/1104/1295 1749/1104/1295 1751/1104/1295 1750/1104/1295
f 1750/1104/1296 1751/1104/1296 1753/1104/1296 1752/1104/1296
f 1752/1104/1297 1753/1104/1297 1755/1104/1297 1754/1104/1297
f 1754/1104/1298 1755/1104/1298 1757/1104/1298 1756/1104/1298
f 1756/1104/1299 1757/1104/1299 1759/1104/1299 1758/1104/1299
f 1758/1104/1300 1759/1104/1300 1761/1104/1300 1760/1104/1300
f 1760/1104/1301 1761/1104/1301 1763/1104/1301 1762/1104/1301
f 1762/1104/1302 1763/1104/1302 1765/1104/1302 1764/1104/1302
f 1764/1104/1303 1765/1104/1303 1767/1104/1303 1766/1104/1303
f 1766/1104/1304 1767/1104/1304 1769/1104/1304 1768/1104/1304
f 1711/1104/110 1709/1104/110 1771/1104/110 1769/1104/110 1767/1104/110 1765/1104/110 1763/1104/110 1761/1104/110 1759/1104/110 1757/1104/110 1755/1104/110 1753/1104/110 1751/1104/110 1749/1104/110 1747/1104/110 1745/1104/110 1743/1104/110 1741/1104/110 1739/1104/110 1737/1104/110 1735/1104/110 1733/1104/110 1731/1104/110 1729/1104/110 1727/1104/110 1725/1104/110 1723/1104/110 1721/1104/110 1719/1104/110 1717/1104/110 1715/1104/110 1713/1104/110
f 1768/1104/1305 1769/1104/1305 1771/1104/1305 1770/1104/1305
f 1770/1104/1306 1771/1104/1306 1709/1104/1306 1708/1104/1306
f 1708/1104/111 1710/1104/111 1712/1104/111 1714/1104/111 1716/1104/111 1718/1104/111 1720/1104/111 1722/1104/111 1724/1104/111 1726/1104/111 1728/1104/111 1730/1104/111 1732/1104/111 1734/1104/111 1736/1104/111 1738/1104/111 1740/1104/111 1742/1104/111 1744/1104/111 1746/1104/111 1748/1104/111 1750/1104/111 1752/1104/111 1754/1104/111 1756/1104/111 1758/1104/111 1760/1104/111 1762/1104/111 1764/1104/111 1766/1104/111 1768/1104/111 1770/1104/111
f 1772/1104/1275 1773/1104/1275 1775/1104/1275 1774/1104/1275
f 1774/1104/1276 1775/1104/1276 1777/1104/1276 1776/1104/1276
f 1776/1104/1277 1777/1104/1277 1779/1104/1277 1778/1104/1277
f 1778/1104/1278 1779/1104/1278 1781/1104/1278 1780/1104/1278
f 1780/1104/1279 1781/1104/1279 1783/1104/1279 1782/1104/1279
f 1782/1104/1280 1783/1104/1280 1785/1104/1280 1784/1104/1280
f 1784/1104/1281 1785/1104/1281 1787/1104/1281 1786/1104/1281
f 1786/1104/1282 1787/1104/1282 1789/1104/1282 1788/1104/1282
f 1788/1104/1283 1789/1104/1283 1791/1104/1283 1790/1104/1283
f 1790/1104/1284 1791/1104/1284 1793/1104/1284 1792/1104/1284
f 1792/1104/1285 1793/1104/1285 1795/1104/1285 1794/1104/1285
f 1794/1104/1286 1795/1104/1286 1797/1104/1286 1796/1104/1286
f 1796/1104/1287 1797/1104/1287 1799/1104/1287 1798/1104/1287
f 1798/1104/1288 1799/1104/1288 1801/1104/1288 1800/1104/1288
f 1800/1104/1289 1801/1104/1289 1803/1104/1289 1802/1104/1289
f 1802/1104/1290 1803/1104/1290 1805/1104/1290 1804/1104/1290
f 1804/1104/1291 1805/1104/1291 1807/1104/1291 1806/1104/1291
f 1806/1104/1292 1807/1104/1292 1809/1104/1292 1808/1104/1292
f 1808/1104/1293 1809/1104/1293 1811/1104/1293 1810/1104/1293
f 1810/1104/1294 1811/1104/1294 1813/1104/1294 1812/1104/1294
f 1812/1104/1295 1813/1104/1295 1815/1104/1295 1814/1104/1295
f 1814/1104/1296 1815/1104/1296 1817/1104/1296 1816/1104/1296
f 1816/1104/1297 1817/1104/1297 1819/1104/1297 1818/1104/1297
f 1818/1104/1298 1819/1104/1298 1821/1104/1298 1820/1104/1298
f 1820/1104/1299 1821/1104/1299 1823/1104/1299 1822/1104/1299
f 1822/1104/1307 1823/1104/1307 1825/1104/1307 1824/1104/1307
f 1824/1104/1301 1825/1104/1301 1827/1104/1301 1826/1104/1301
f 1826/1104/1302 1827/1104/1302 1829/1104/1302 1828/1104/1302
f 1828/1104/1303 1829/1104/1303 1831/1104/1303 1830/1104/1303
f 1830/1104/1304 1831/1104/1304 1833/1104/1304 1832/1104/1304
f 1775/1104/110 1773/1104/110 1835/1104/110 1833/1104/110 1831/1104/110 1829/1104/110 1827/1104/110 1825/1104/110 1823/1104/110 1821/1104/110 1819/1104/110 1817/1104/110 1815/1104/110 1813/1104/110 1811/1104/110 1809/1104/110 1807/1104/110 1805/1104/110 1803/1104/110 1801/1104/110 1799/1104/110 1797/1104/110 1795/1104/110 1793/1104/110 1791/1104/110 1789/1104/110 1787/1104/110 1785/1104/110 1783/1104/110 1781/1104/110 1779/1104/110 1777/1104/110
f 1832/1104/1305 1833/1104/1305 1835/1104/1305 1834/1104/1305
f 1834/1104/1306 1835/1104/1306 1773/1104/1306 1772/1104/1306
f 1772/1104/111 1774/1104/111 1776/1104/111 1778/1104/111 1780/1104/111 1782/1104/111 1784/1104/111 1786/1104/111 1788/1104/111 1790/1104/111 1792/1104/111 1794/1104/111 1796/1104/111 1798/1104/111 1800/1104/111 1802/1104/111 1804/1104/111 1806/1104/111 1808/1104/111 1810/1104/111 1812/1104/111 1814/1104/111 1816/1104/111 1818/1104/111 1820/1104/111 1822/1104/111 1824/1104/111 1826/1104/111 1828/1104/111 1830/1104/111 1832/1104/111 1834/1104/111
f 1836/1104/1179 1837/1104/1179 1839/1104/1179 1838/1104/1179
f 1838/1104/1180 1839/1104/1180 1841/1104/1180 1840/1104/1180
f 1840/1104/1181 1841/1104/1181 1843/1104/1181 1842/1104/1181
f 1842/1104/1182 1843/1104/1182 1845/1104/1182 1844/1104/1182
f 1844/1104/1183 1845/1104/1183 1847/1104/1183 1846/1104/1183
f 1846/1104/1184 1847/1104/1184 1849/1104/1184 1848/1104/1184
f 1848/1104/1185 1849/1104/1185 1851/1104/1185 1850/1104/1185
f 1850/1104/1186 1851/1104/1186 1853/1104/1186 1852/1104/1186
f 1852/1104/1187 1853/1104/1187 1855/1104/1187 1854/1104/1187
f 1854/1104/1188 1855/1104/1188 1857/1104/1188 1856/1104/1188
f 1856/1104/1189 1857/1104/1189 1859/1104/1189 1858/1104/1189
f 1858/1104/1190 1859/1104/1190 1861/1104/1190 1860/1104/1190
f 1860/1104/1191 1861/1104/1191 1863/1104/1191 1862/1104/1191
f 1862/1104/1192 1863/1104/1192 1865/1104/1192 1864/1104/1192
f 1864/1104/1193 1865/1104/1193 1867/1104/1193 1866/1104/1193
f 1866/1104/1194 1867/1104/1194 1869/1104/1194 1868/1104/1194
f 1868/1104/1195 1869/1104/1195 1871/1104/1195 1870/1104/1195
f 1870/1104/1196 1871/1104/1196 1873/1104/1196 1872/1104/1196
f 1872/1104/1197 1873/1104/1197 1875/1104/1197 1874/1104/1197
f 1874/1104/1198 1875/1104/1198 1877/1104/1198 1876/1104/1198
f 1876/1104/1199 1877/1104/1199 1879/1104/1199 1878/1104/1199
f 1878/1104/1200 1879/1104/1200 1881/1104/1200 1880/1104/1200
f 1880/1104/1201 1881/1104/1201 1883/1104/1201 1882/1104/1201
f 1882/1104/1202 1883/1104/1202 1885/1104/1202 1884/1104/1202
f 1884/1104/1203 1885/1104/1203 1887/1104/1203 1886/1104/1203
f 1886/1104/1204 1887/1104/1204 1889/1104/1204 1888/1104/1204
f 1888/1104/1205 1889/1104/1205 1891/1104/1205 1890/1104/1205
f 1890/1104/1206 1891/1104/1206 1893/1104/1206 1892/1104/1206
f 1892/1104/1207 1893/1104/1207 1895/1104/1207 1894/1104/1207
f 1894/1104/1208 1895/1104/1208 1897/1104/1208 1896/1104/1208
f 1839/1104/10 1837/1104/10 1899/1104/10 1897/1104/10 1895/1104/10 1893/1104/10 1891/1104/10 1889/1104/10 1887/1104/10 1885/1104/10 1883/1104/10 1881/1104/10 1879/1104/10 1877/1104/10 1875/1104/10 1873/1104/10 1871/1104/10 1869/1104/10 1867/1104/10 1865/1104/10 1863/1104/10 1861/1104/10 1859/1104/10 1857/1104/10 1855/1104/10 1853/1104/10 1851/1104/10 1849/1104/10 1847/1104/10 1845/1104/10 1843/1104/10 1841/1104/10
f 1896/1104/1209 1897/1104/1209 1899/1104/1209 1898/1104/1209
f 1898/1104/1210 1899/1104/1210 1837/1104/1210 1836/1104/1210
f 1836/1104/21 1838/1104/21 1840/1104/21 1842/1104/21 1844/1104/21 1846/1104/21 1848/1104/21 1850/1104/21 1852/1104/21 1854/1104/21 1856/1104/21 1858/1104/21 1860/1104/21 1862/1104/21 1864/1104/21 1866/1104/21 1868/1104/21 1870/1104/21 1872/1104/21 1874/1104/21 1876/1104/21 1878/1104/21 1880/1104/21 1882/1104/21 1884/1104/21 1886/1104/21 1888/1104/21 1890/1104/21 1892/1104/21 1894/1104/21 1896/1104/21 1898/1104/21
f 1900/1104/1179 1901/1104/1179 1903/1104/1179 1902/1104/1179
f 1902/1104/1180 1903/1104/1180 1905/1104/1180 1904/1104/1180
f 1904/1104/1181 1905/1104/1181 1907/1104/1181 1906/1104/1181
f 1906/1104/1182 1907/1104/1182 1909/1104/1182 1908/1104/1182
f 1908/1104/1183 1909/1104/1183 1911/1104/1183 1910/1104/1183
f 1910/1104/1184 1911/1104/1184 1913/1104/1184 1912/1104/1184
f 1912/1104/1185 1913/1104/1185 1915/1104/1185 1914/1104/1185
f 1914/1104/1186 1915/1104/1186 1917/1104/1186 1916/1104/1186
f 1916/1104/1187 1917/1104/1187 1919/1104/1187 1918/1104/1187
f 1918/1104/1188 1919/1104/1188 1921/1104/1188 1920/1104/1188
f 1920/1104/1189 1921/1104/1189 1923/1104/1189 1922/1104/1189
f 1922/1104/1190 1923/1104/1190 1925/1104/1190 1924/1104/1190
f 1924/1104/1191 1925/1104/1191 1927/1104/1191 1926/1104/1191
f 1926/1104/1192 1927/1104/1192 1929/1104/1192 1928/1104/1192
f 1928/1104/1193 1929/1104/1193 1931/1104/1193 1930/1104/1193
f 1930/1104/1194 1931/1104/1194 1933/1104/1194 1932/1104/1194
f 1932/1104/1195 1933/1104/1195 1935/1104/1195 1934/1104/1195
f 1934/1104/1196 1935/1104/1196 1937/1104/1196 1936/1104/1196
f 1936/1104/1197 1937/1104/1197 1939/1104/1197 1938/1104/1197
f 1938/1104/1198 1939/1104/1198 1941/1104/1198 1940/1104/1198
f 1940/1104/1199 1941/1104/1199 1943/1104/1199 1942/1104/1199
f 1942/1104/1200 1943/1104/1200 1945/1104/1200 1944/1104/1200
f 1944/1104/1201 1945/1104/1201 1947/1104/1201 1946/1104/1201
f 1946/1104/1202 1947/1104/1202 1949/1104/1202 1948/1104/1202
f 1948/1104/1203 1949/1104/1203 1951/1104/1203 1950/1104/1203
f 1950/1104/1204 1951/1104/1204 1953/1104/1204 1952/1104/1204
f 1952/1104/1205 1953/1104/1205 1955/1104/1205 1954/1104/1205
f 1954/1104/1206 1955/1104/1206 1957/1104/1206 1956/1104/1206
f 1956/1104/1207 1957/1104/1207 1959/1104/1207 1958/1104/1207
f 1958/1104/1208 1959/1104/1208 1961/1104/1208 1960/1104/1208
f 1903/1104/10 1901/1104/10 1963/1104/10 1961/1104/10 1959/1104/10 1957/1104/10 1955/1104/10 1953/1104/10 1951/1104/10 1949/1104/10 1947/1104/10 1945/1104/10 1943/1104/10 1941/1104/10 1939/1104/10 1937/1104/10 1935/1104/10 1933/1104/10 1931/1104/10 1929/1104/10 1927/1104/10 1925/1104/10 1923/1104/10 1921/1104/10 1919/1104/10 1917/1104/10 1915/1104/10 1913/1104/10 1911/1104/10 1909/1104/10 1907/1104/10 1905/1104/10
f 1960/1104/1209 1961/1104/1209 1963/1104/1209 1962/1104/1209
f 1962/1104/1210 1963/1104/1210 1901/1104/1210 1900/1104/1210
f 1900/1104/21 1902/1104/21 1904/1104/21 1906/1104/21 1908/1104/21 1910/1104/21 1912/1104/21 1914/1104/21 1916/1104/21 1918/1104/21 1920/1104/21 1922/1104/21 1924/1104/21 1926/1104/21 1928/1104/21 1930/1104/21 1932/1104/21 1934/1104/21 1936/1104/21 1938/1104/21 1940/1104/21 1942/1104/21 1944/1104/21 1946/1104/21 1948/1104/21 1950/1104/21 1952/1104/21 1954/1104/21 1956/1104/21 1958/1104/21 1960/1104/21 1962/1104/21
f 1964/1104/1211 1965/1104/1211 1967/1104/1211 1966/1104/1211
f 1966/1104/1212 1967/1104/1212 1969/1104/1212 1968/1104/1212
f 1968/1104/1213 1969/1104/1213 1971/1104/1213 1970/1104/1213
f 1970/1104/1214 1971/1104/1214 1973/1104/1214 1972/1104/1214
f 1972/1104/1215 1973/1104/1215 1975/1104/1215 1974/1104/1215
f 1974/1104/1216 1975/1104/1216 1977/1104/1216 1976/1104/1216
f 1976/1104/1217 1977/1104/1217 1979/1104/1217 1978/1104/1217
f 1978/1104/1218 1979/1104/1218 1981/1104/1218 1980/1104/1218
f 1980/1104/1219 1981/1104/1219 1983/1104/1219 1982/1104/1219
f 1982/1104/1220 1983/1104/1220 1985/1104/1220 1984/1104/1220
f 1984/1104/1221 1985/1104/1221 1987/1104/1221 1986/1104/1221
f 1986/1104/1222 1987/1104/1222 1989/1104/1222 1988/1104/1222
f 1988/1104/1223 1989/1104/1223 1991/1104/1223 1990/1104/1223
f 1990/1104/1224 1991/1104/1224 1993/1104/1224 1992/1104/1224
f 1992/1104/1225 1993/1104/1225 1995/1104/1225 1994/1104/1225
f 1994/1104/1226 1995/1104/1226 1997/1104/1226 1996/1104/1226
f 1996/1104/1227 1997/1104/1227 1999/1104/1227 1998/1104/1227
f 1998/1104/1228 1999/1104/1228 2001/1104/1228 2000/1104/1228
f 2000/1104/1229 2001/1104/1229 2003/1104/1229 2002/1104/1229
f 2002/1104/1230 2003/1104/1230 2005/1104/1230 2004/1104/1230
f 2004/1104/1231 2005/1104/1231 2007/1104/1231 2006/1104/1231
f 2006/1104/1232 2007/1104/1232 2009/1104/1232 2008/1104/1232
f 2008/1104/1233 2009/1104/1233 2011/1104/1233 2010/1104/1233
f 2010/1104/1234 2011/1104/1234 2013/1104/1234 2012/1104/1234
f 2012/1104/1235 2013/1104/1235 2015/1104/1235 2014/1104/1235
f 2014/1104/1236 2015/1104/1236 2017/1104/1236 2016/1104/1236
f 2016/1104/1237 2017/1104/1237 2019/1104/1237 2018/1104/1237
f 2018/1104/1238 2019/1104/1238 2021/1104/1238 2020/1104/1238
f 2020/1104/1239 2021/1104/1239 2023/1104/1239 2022/1104/1239
f 2022/1104/1240 2023/1104/1240 2025/1104/1240 2024/1104/1240
f 1967/1104/5 1965/1104/5 2027/1104/5 2025/1104/5 2023/1104/5 2021/1104/5 2019/1104/5 2017/1104/5 2015/1104/5 2013/1104/5 2011/1104/5 2009/1104/5 2007/1104/5 2005/1104/5 2003/1104/5 2001/1104/5 1999/1104/5 1997/1104/5 1995/1104/5 1993/1104/5 1991/1104/5 1989/1104/5 1987/1104/5 1985/1104/5 1983/1104/5 1981/1104/5 1979/1104/5 1977/1104/5 1975/1104/5 1973/1104/5 1971/1104/5 1969/1104/5
f 2024/1104/1241 2025/1104/1241 2027/1104/1241 2026/1104/1241
f 2026/1104/1242 2027/1104/1242 1965/1104/1242 1964/1104/1242
f 1964/1104/16 1966/1104/16 1968/1104/16 1970/1104/16 1972/1104/16 1974/1104/16 1976/1104/16 1978/1104/16 1980/1104/16 1982/1104/16 1984/1104/16 1986/1104/16 1988/1104/16 1990/1104/16 1992/1104/16 1994/1104/16 1996/1104/16 1998/1104/16 2000/1104/16 2002/1104/16 2004/1104/16 2006/1104/16 2008/1104/16 2010/1104/16 2012/1104/16 2014/1104/16 2016/1104/16 2018/1104/16 2020/1104/16 2022/1104/16 2024/1104/16 2026/1104/16
f 2028/1104/1211 2029/1104/1211 2031/1104/1211 2030/1104/1211
f 2030/1104/1212 2031/1104/1212 2033/1104/1212 2032/1104/1212
f 2032/1104/1213 2033/1104/1213 2035/1104/1213 2034/1104/1213
f 2034/1104/1214 2035/1104/1214 2037/1104/1214 2036/1104/1214
f 2036/1104/1215 2037/1104/1215 2039/1104/1215 2038/1104/1215
f 2038/1104/1216 2039/1104/1216 2041/1104/1216 2040/1104/1216
f 2040/1104/1217 2041/1104/1217 2043/1104/1217 2042/1104/1217
f 2042/1104/1218 2043/1104/1218 2045/1104/1218 2044/1104/1218
f 2044/1104/1219 2045/1104/1219 2047/1104/1219 2046/1104/1219
f 2046/1104/1220 2047/1104/1220 2049/1104/1220 2048/1104/1220
f 2048/1104/1221 2049/1104/1221 2051/1104/1221 2050/1104/1221
f 2050/1104/1222 2051/1104/1222 2053/1104/1222 2052/1104/1222
f 2052/1104/1223 2053/1104/1223 2055/1104/1223 2054/1104/1223
f 2054/1104/1224 2055/1104/1224 2057/1104/1224 2056/1104/1224
f 2056/1104/1225 2057/1104/1225 2059/1104/1225 2058/1104/1225
f 2058/1104/1226 2059/1104/1226 2061/1104/1226 2060/1104/1226
f 2060/1104/1227 2061/1104/1227 2063/1104/1227 2062/1104/1227
f 2062/1104/1228 2063/1104/1228 2065/1104/1228 2064/1104/1228
f 2064/1104/1229 2065/1104/1229 2067/1104/1229 2066/1104/1229
f 2066/1104/1230 2067/1104/1230 2069/1104/1230 2068/1104/1230
f 2068/1104/1231 2069/1104/1231 2071/1104/1231 2070/1104/1231
f 2070/1104/1232 2071/1104/1232 2073/1104/1232 2072/1104/1232
f 2072/1104/1233 2073/1104/1233 2075/1104/1233 2074/1104/1233
f 2074/1104/1234 2075/1104/1234 2077/1104/1234 2076/1104/1234
f 2076/1104/1235 2077/1104/1235 2079/1104/1235 2078/1104/1235
f 2078/1104/1236 2079/1104/1236 2081/1104/1236 2080/1104/1236
f 2080/1104/1237 2081/1104/1237 2083/1104/1237 2082/1104/1237
f 2082/1104/1238 2083/1104/1238 2085/1104/1238 2084/1104/1238
f 2084/1104/1239 2085/1104/1239 2087/1104/1239 2086/1104/1239
f 2086/1104/1240 2087/1104/1240 2089/1104/1240 2088/1104/1240
f 2031/1104/5 2029/1104/5 2091/1104/5 2089/1104/5 2087/1104/5 2085/1104/5 2083/1104/5 2081/1104/5 2079/1104/5 2077/1104/5 2075/1104/5 2073/1104/5 2071/1104/5 2069/1104/5 2067/1104/5 2065/1104/5 2063/1104/5 2061/1104/5 2059/1104/5 2057/1104/5 2055/1104/5 2053/1104/5 2051/1104/5 2049/1104/5 2047/1104/5 2045/1104/5 2043/1104/5 2041/1104/5 2039/1104/5 2037/1104/5 2035/1104/5 2033/1104/5
f 2088/1104/1241 2089/1104/1241 2091/1104/1241 2090/1104/1241
f 2090/1104/1242 2091/1104/1242 2029/1104/1242 2028/1104/1242
f 2028/1104/16 2030/1104/16 2032/1104/16 2034/1104/16 2036/1104/16 2038/1104/16 2040/1104/16 2042/1104/16 2044/1104/16 2046/1104/16 2048/1104/16 2050/1104/16 2052/1104/16 2054/1104/16 2056/1104/16 2058/1104/16 2060/1104/16 2062/1104/16 2064/1104/16 2066/1104/16 2068/1104/16 2070/1104/16 2072/1104/16 2074/1104/16 2076/1104/16 2078/1104/16 2080/1104/16 2082/1104/16 2084/1104/16 2086/1104/16 2088/1104/16 2090/1104/16
f 2092/1104/1243 2093/1104/1243 2095/1104/1243 2094/1104/1243
f 2094/1104/1244 2095/1104/1244 2097/1104/1244 2096/1104/1244
f 2096/1104/1245 2097/1104/1245 2099/1104/1245 2098/1104/1245
f 2098/1104/1246 2099/1104/1246 2101/1104/1246 2100/1104/1246
f 2100/1104/1247 2101/1104/1247 2103/1104/1247 2102/1104/1247
f 2102/1104/1248 2103/1104/1248 2105/1104/1248 2104/1104/1248
f 2104/1104/1308 2105/1104/1308 2107/1104/1308 2106/1104/1308
f 2106/1104/1250 2107/1104/1250 2109/1104/1250 2108/1104/1250
f 2108/1104/1251 2109/1104/1251 2111/1104/1251 2110/1104/1251
f 2110/1104/1309 2111/1104/1309 2113/1104/1309 2112/1104/1309
f 2112/1104/1253 2113/1104/1253 2115/1104/1253 2114/1104/1253
f 2114/1104/1254 2115/1104/1254 2117/1104/1254 2116/1104/1254
f 2116/1104/1255 2117/1104/1255 2119/1104/1255 2118/1104/1255
f 2118/1104/1256 2119/1104/1256 2121/1104/1256 2120/1104/1256
f 2120/1104/1257 2121/1104/1257 2123/1104/1257 2122/1104/1257
f 2122/1104/1258 2123/1104/1258 2125/1104/1258 2124/1104/1258
f 2124/1104/1259 2125/1104/1259 2127/1104/1259 2126/1104/1259
f 2126/1104/1260 2127/1104/1260 2129/1104/1260 2128/1104/1260
f 2128/1104/1261 2129/1104/1261 2131/1104/1261 2130/1104/1261
f 2130/1104/1262 2131/1104/1262 2133/1104/1262 2132/1104/1262
f 2132/1104/1263 2133/1104/1263 2135/1104/1263 2134/1104/1263
f 2134/1104/1264 2135/1104/1264 2137/1104/1264 2136/1104/1264
f 2136/1104/1265 2137/1104/1265 2139/1104/1265 2138/1104/1265
f 2138/1104/1266 2139/1104/1266 2141/1104/1266 2140/1104/1266
f 2140/1104/1267 2141/1104/1267 2143/1104/1267 2142/1104/1267
f 2142/1104/1268 2143/1104/1268 2145/1104/1268 2144/1104/1268
f 2144/1104/1269 2145/1104/1269 2147/1104/1269 2146/1104/1269
f 2146/1104/1270 2147/1104/1270 2149/1104/1270 2148/1104/1270
f 2148/1104/1271 2149/1104/1271 2151/1104/1271 2150/1104/1271
f 2150/1104/1272 2151/1104/1272 2153/1104/1272 2152/1104/1272
f 2095/1104/97 2093/1104/97 2155/1104/97 2153/1104/97 2151/1104/97 2149/1104/97 2147/1104/97 2145/1104/97 2143/1104/97 2141/1104/97 2139/1104/97 2137/1104/97 2135/1104/97 2133/1104/97 2131/1104/97 2129/1104/97 2127/1104/97 2125/1104/97 2123/1104/97 2121/1104/97 2119/1104/97 2117/1104/97 2115/1104/97 2113/1104/97 2111/1104/97 2109/1104/97 2107/1104/97 2105/1104/97 2103/1104/97 2101/1104/97 2099/1104/97 2097/1104/97
f 2152/1104/1273 2153/1104/1273 2155/1104/1273 2154/1104/1273
f 2154/1104/1274 2155/1104/1274 2093/1104/1274 2092/1104/1274
f 2092/1104/96 2094/1104/96 2096/1104/96 2098/1104/96 2100/1104/96 2102/1104/96 2104/1104/96 2106/1104/96 2108/1104/96 2110/1104/96 2112/1104/96 2114/1104/96 2116/1104/96 2118/1104/96 2120/1104/96 2122/1104/96 2124/1104/96 2126/1104/96 2128/1104/96 2130/1104/96 2132/1104/96 2134/1104/96 2136/1104/96 2138/1104/96 2140/1104/96 2142/1104/96 2144/1104/96 2146/1104/96 2148/1104/96 2150/1104/96 2152/1104/96 2154/1104/96
f 2156/1104/1243 2157/1104/1243 2159/1104/1243 2158/1104/1243
f 2158/1104/1244 2159/1104/1244 2161/1104/1244 2160/1104/1244
f 2160/1104/1245 2161/1104/1245 2163/1104/1245 2162/1104/1245
f 2162/1104/1246 2163/1104/1246 2165/1104/1246 2164/1104/1246
f 2164/1104/1247 2165/1104/1247 2167/1104/1247 2166/1104/1247
f 2166/1104/1248 2167/1104/1248 2169/1104/1248 2168/1104/1248
f 2168/1104/1308 2169/1104/1308 2171/1104/1308 2170/1104/1308
f 2170/1104/1250 2171/1104/1250 2173/1104/1250 2172/1104/1250
f 2172/1104/1251 2173/1104/1251 2175/1104/1251 2174/1104/1251
f 2174/1104/1309 2175/1104/1309 2177/1104/1309 2176/1104/1309
f 2176/1104/1253 2177/1104/1253 2179/1104/1253 2178/1104/1253
f 2178/1104/1254 2179/1104/1254 2181/1104/1254 2180/1104/1254
f 2180/1104/1255 2181/1104/1255 2183/1104/1255 2182/1104/1255
f 2182/1104/1256 2183/1104/1256 2185/1104/1256 2184/1104/1256
f 2184/1104/1257 2185/1104/1257 2187/1104/1257 2186/1104/1257
f 2186/1104/1258 2187/1104/1258 2189/1104/1258 2188/1104/1258
f 2188/1104/1259 2189/1104/1259 2191/1104/1259 2190/1104/1259
f 2190/1104/1260 2191/1104/1260 2193/1104/1260 2192/1104/1260
f 2192/1104/1261 2193/1104/1261 2195/1104/1261 2194/1104/1261
f 2194/1104/1262 2195/1104/1262 2197/1104/1262 2196/1104/1262
f 2196/1104/1263 2197/1104/1263 2199/1104/1263 2198/1104/1263
f 2198/1104/1264 2199/1104/1264 2201/1104/1264 2200/1104/1264
f 2200/1104/1265 2201/1104/1265 2203/1104/1265 2202/1104/1265
f 2202/1104/1266 2203/1104/1266 2205/1104/1266 2204/1104/1266
f 2204/1104/1267 2205/1104/1267 2207/1104/1267 2206/1104/1267
f 2206/1104/1268 2207/1104/1268 2209/1104/1268 2208/1104/1268
f 2208/1104/1269 2209/1104/1269 2211/1104/1269 2210/1104/1269
f 2210/1104/1270 2211/1104/1270 2213/1104/1270 2212/1104/1270
f 2212/1104/1271 2213/1104/1271 2215/1104/1271 2214/1104/1271
f 2214/1104/1272 2215/1104/1272 2217/1104/1272 2216/1104/1272
f 2159/1104/97 2157/1104/97 2219/1104/97 2217/1104/97 2215/1104/97 2213/1104/97 2211/1104/97 2209/1104/97 2207/1104/97 2205/1104/97 2203/1104/97 2201/1104/97 2199/1104/97 2197/1104/97 2195/1104/97 2193/1104/97 2191/1104/97 2189/1104/97 2187/1104/97 2185/1104/97 2183/1104/97 2181/1104/97 2179/1104/97 2177/1104/97 2175/1104/97 2173/1104/97 2171/1104/97 2169/1104/97 2167/1104/97 2165/1104/97 2163/1104/97 2161/1104/97
f 2216/1104/1273 2217/1104/1273 2219/1104/1273 2218/1104/1273
f 2218/1104/1274 2219/1104/1274 2157/1104/1274 2156/1104/1274
f 2156/1104/96 2158/1104/96 2160/1104/96 2162/1104/96 2164/1104/96 2166/1104/96 2168/1104/96 2170/1104/96 2172/1104/96 2174/1104/96 2176/1104/96 2178/1104/96 2180/1104/96 2182/1104/96 2184/1104/96 2186/1104/96 2188/1104/96 2190/1104/96 2192/1104/96 2194/1104/96 2196/1104/96 2198/1104/96 2200/1104/96 2202/1104/96 2204/1104/96 2206/1104/96 2208/1104/96 2210/1104/96 2212/1104/96 2214/1104/96 2216/1104/96 2218/1104/96
f 2220/1104/1275 2221/1104/1275 2223/1104/1275 2222/1104/1275
f 2222/1104/1276 2223/1104/1276 2225/1104/1276 2224/1104/1276
f 2224/1104/1277 2225/1104/1277 2227/1104/1277 2226/1104/1277
f 2226/1104/1278 2227/1104/1278 2229/1104/1278 2228/1104/1278
f 2228/1104/1279 2229/1104/1279 2231/1104/1279 2230/1104/1279
f 2230/1104/1280 2231/1104/1280 2233/1104/1280 2232/1104/1280
f 2232/1104/1310 2233/1104/1310 2235/1104/1310 2234/1104/1310
f 2234/1104/1282 2235/1104/1282 2237/1104/1282 2236/1104/1282
f 2236/1104/1283 2237/1104/1283 2239/1104/1283 2238/1104/1283
f 2238/1104/1311 2239/1104/1311 2241/1104/1311 2240/1104/1311
f 2240/1104/1285 2241/1104/1285 2243/1104/1285 2242/1104/1285
f 2242/1104/1286 2243/1104/1286 2245/1104/1286 2244/1104/1286
f 2244/1104/1287 2245/1104/1287 2247/1104/1287 2246/1104/1287
f 2246/1104/1288 2247/1104/1288 2249/1104/1288 2248/1104/1288
f 2248/1104/1289 2249/1104/1289 2251/1104/1289 2250/1104/1289
f 2250/1104/1290 2251/1104/1290 2253/1104/1290 2252/1104/1290
f 2252/1104/1291 2253/1104/1291 2255/1104/1291 2254/1104/1291
f 2254/1104/1292 2255/1104/1292 2257/1104/1292 2256/1104/1292
f 2256/1104/1293 2257/1104/1293 2259/1104/1293 2258/1104/1293
f 2258/1104/1294 2259/1104/1294 2261/1104/1294 2260/1104/1294
f 2260/1104/1295 2261/1104/1295 2263/1104/1295 2262/1104/1295
f 2262/1104/1296 2263/1104/1296 2265/1104/1296 2264/1104/1296
f 2264/1104/1297 2265/1104/1297 2267/1104/1297 2266/1104/1297
f 2266/1104/1298 2267/1104/1298 2269/1104/1298 2268/1104/1298
f 2268/1104/1299 2269/1104/1299 2271/1104/1299 2270/1104/1299
f 2270/1104/1307 2271/1104/1307 2273/1104/1307 2272/1104/1307
f 2272/1104/1301 2273/1104/1301 2275/1104/1301 2274/1104/1301
f 2274/1104/1302 2275/1104/1302 2277/1104/1302 2276/1104/1302
f 2276/1104/1303 2277/1104/1303 2279/1104/1303 2278/1104/1303
f 2278/1104/1304 2279/1104/1304 2281/1104/1304 2280/1104/1304
f 2223/1104/110 2221/1104/110 2283/1104/110 2281/1104/110 2279/1104/110 2277/1104/110 2275/1104/110 2273/1104/110 2271/1104/110 2269/1104/110 2267/1104/110 2265/1104/110 2263/1104/110 2261/1104/110 2259/1104/110 2257/1104/110 2255/1104/110 2253/1104/110 2251/1104/110 2249/1104/110 2247/1104/110 2245/1104/110 2243/1104/110 2241/1104/110 2239/1104/110 2237/1104/110 2235/1104/110 2233/1104/110 2231/1104/110 2229/1104/110 2227/1104/110 2225/1104/110
f 2280/1104/1305 2281/1104/1305 2283/1104/1305 2282/1104/1305
f 2282/1104/1306 2283/1104/1306 2221/1104/1306 2220/1104/1306
f 2220/1104/111 2222/1104/111 2224/1104/111 2226/1104/111 2228/1104/111 2230/1104/111 2232/1104/111 2234/1104/111 2236/1104/111 2238/1104/111 2240/1104/111 2242/1104/111 2244/1104/111 2246/1104/111 2248/1104/111 2250/1104/111 2252/1104/111 2254/1104/111 2256/1104/111 2258/1104/111 2260/1104/111 2262/1104/111 2264/1104/111 2266/1104/111 2268/1104/111 2270/1104/111 2272/1104/111 2274/1104/111 2276/1104/111 2278/1104/111 2280/1104/111 2282/1104/111
f 2284/1104/1275 2285/1104/1275 2287/1104/1275 2286/1104/1275
f 2286/1104/1276 2287/1104/1276 2289/1104/1276 2288/1104/1276
f 2288/1104/1277 2289/1104/1277 2291/1104/1277 2290/1104/1277
f 2290/1104/1278 2291/1104/1278 2293/1104/1278 2292/1104/1278
f 2292/1104/1279 2293/1104/1279 2295/1104/1279 2294/1104/1279
f 2294/1104/1280 2295/1104/1280 2297/1104/1280 2296/1104/1280
f 2296/1104/1310 2297/1104/1310 2299/1104/1310 2298/1104/1310
f 2298/1104/1282 2299/1104/1282 2301/1104/1282 2300/1104/1282
f 2300/1104/1283 2301/1104/1283 2303/1104/1283 2302/1104/1283
f 2302/1104/1311 2303/1104/1311 2305/1104/1311 2304/1104/1311
f 2304/1104/1285 2305/1104/1285 2307/1104/1285 2306/1104/1285
f 2306/1104/1286 2307/1104/1286 2309/1104/1286 2308/1104/1286
f 2308/1104/1287 2309/1104/1287 2311/1104/1287 2310/1104/1287
f 2310/1104/1288 2311/1104/1288 2313/1104/1288 2312/1104/1288
f 2312/1104/1289 2313/1104/1289 2315/1104/1289 2314/1104/1289
f 2314/1104/1290 2315/1104/1290 2317/1104/1290 2316/1104/1290
f 2316/1104/1291 2317/1104/1291 2319/1104/1291 2318/1104/1291
f 2318/1104/1292 2319/1104/1292 2321/1104/1292 2320/1104/1292
f 2320/1104/1293 2321/1104/1293 2323/1104/1293 2322/1104/1293
f 2322/1104/1294 2323/1104/1294 2325/1104/1294 2324/1104/1294
f 2324/1104/1295 2325/1104/1295 2327/1104/1295 2326/1104/1295
f 2326/1104/1296 2327/1104/1296 2329/1104/1296 2328/1104/1296
f 2328/1104/1297 2329/1104/1297 2331/1104/1297 2330/1104/1297
f 2330/1104/1298 2331/1104/1298 2333/1104/1298 2332/1104/1298
f 2332/1104/1299 2333/1104/1299 2335/1104/1299 2334/1104/1299
f 2334/1104/1307 2335/1104/1307 2337/1104/1307 2336/1104/1307
f 2336/1104/1301 2337/1104/1301 2339/1104/1301 2338/1104/1301
f 2338/1104/1302 2339/1104/1302 2341/1104/1302 2340/1104/1302
f 2340/1104/1303 2341/1104/1303 2343/1104/1303 2342/1104/1303
f 2342/1104/1304 2343/1104/1304 2345/1104/1304 2344/1104/1304
f 2287/1104/110 2285/1104/110 2347/1104/110 2345/1104/110 2343/1104/110 2341/1104/110 2339/1104/110 2337/1104/110 2335/1104/110 2333/1104/110 2331/1104/110 2329/1104/110 2327/1104/110 2325/1104/110 2323/1104/110 2321/1104/110 2319/1104/110 2317/1104/110 2315/1104/110 2313/1104/110 2311/1104/110 2309/1104/110 2307/1104/110 2305/1104/110 2303/1104/110 2301/1104/110 2299/1104/110 2297/1104/110 2295/1104/110 2293/1104/110 2291/1104/110 2289/1104/110
f 2344/1104/1305 2345/1104/1305 2347/1104/1305 2346/1104/1305
f 2346/1104/1306 2347/1104/1306 2285/1104/1306 2284/1104/1306
f 2284/1104/111 2286/1104/111 2288/1104/111 2290/1104/111 2292/1104/111 2294/1104/111 2296/1104/111 2298/1104/111 2300/1104/111 2302/1104/111 2304/1104/111 2306/1104/111 2308/1104/111 2310/1104/111 2312/1104/111 2314/1104/111 2316/1104/111 2318/1104/111 2320/1104/111 2322/1104/111 2324/1104/111 2326/1104/111 2328/1104/111 2330/1104/111 2332/1104/111 2334/1104/111 2336/1104/111 2338/1104/111 2340/1104/111 2342/1104/111 2344/1104/111 2346/1104/111
